-- phpMyAdmin SQL Dump
-- version 4.8.5
-- https://www.phpmyadmin.net/
--
-- Host: 127.0.0.1
-- Waktu pembuatan: 23 Agu 2023 pada 23.30
-- Versi server: 10.1.38-MariaDB
-- Versi PHP: 5.6.40

SET SQL_MODE = "NO_AUTO_VALUE_ON_ZERO";
SET AUTOCOMMIT = 0;
START TRANSACTION;
SET time_zone = "+00:00";


/*!40101 SET @OLD_CHARACTER_SET_CLIENT=@@CHARACTER_SET_CLIENT */;
/*!40101 SET @OLD_CHARACTER_SET_RESULTS=@@CHARACTER_SET_RESULTS */;
/*!40101 SET @OLD_COLLATION_CONNECTION=@@COLLATION_CONNECTION */;
/*!40101 SET NAMES utf8mb4 */;

--
-- Database: `spp`
--

-- --------------------------------------------------------

--
-- Struktur dari tabel `bebas`
--

CREATE TABLE `bebas` (
  `bebas_id` int(11) NOT NULL,
  `student_student_id` int(11) DEFAULT NULL,
  `payment_payment_id` int(11) DEFAULT NULL,
  `bebas_bill` decimal(10,0) DEFAULT NULL,
  `bebas_total_pay` decimal(10,0) DEFAULT '0',
  `bebas_input_date` timestamp NULL DEFAULT NULL,
  `bebas_last_update` timestamp NULL DEFAULT NULL
) ENGINE=InnoDB DEFAULT CHARSET=latin1;

--
-- Dumping data untuk tabel `bebas`
--

INSERT INTO `bebas` (`bebas_id`, `student_student_id`, `payment_payment_id`, `bebas_bill`, `bebas_total_pay`, `bebas_input_date`, `bebas_last_update`) VALUES
(1, 2, 2, '120000', '0', '2023-08-15 16:14:42', '2023-08-15 16:14:42'),
(2, 3, 2, '120', '0', '2023-08-15 16:15:49', '2023-08-15 16:15:49');

-- --------------------------------------------------------

--
-- Struktur dari tabel `bebas_pay`
--

CREATE TABLE `bebas_pay` (
  `bebas_pay_id` int(11) NOT NULL,
  `bebas_bebas_id` int(11) DEFAULT NULL,
  `bebas_pay_number` varchar(100) DEFAULT NULL,
  `bebas_pay_bill` decimal(10,0) DEFAULT NULL,
  `bebas_pay_desc` varchar(100) DEFAULT NULL,
  `user_user_id` int(11) DEFAULT NULL,
  `bebas_pay_input_date` date DEFAULT NULL,
  `bebas_pay_last_update` timestamp NULL DEFAULT NULL
) ENGINE=InnoDB DEFAULT CHARSET=latin1;

-- --------------------------------------------------------

--
-- Struktur dari tabel `bulan`
--

CREATE TABLE `bulan` (
  `bulan_id` int(11) NOT NULL,
  `student_student_id` int(11) DEFAULT NULL,
  `payment_payment_id` int(11) DEFAULT NULL,
  `month_month_id` int(11) DEFAULT NULL,
  `bulan_bill` decimal(10,0) DEFAULT NULL,
  `bulan_status` tinyint(1) DEFAULT '0',
  `bulan_number_pay` varchar(100) DEFAULT NULL,
  `bulan_date_pay` date DEFAULT NULL,
  `user_user_id` int(11) DEFAULT NULL,
  `bulan_input_date` timestamp NULL DEFAULT NULL,
  `bulan_last_update` timestamp NULL DEFAULT NULL
) ENGINE=InnoDB DEFAULT CHARSET=latin1;

--
-- Dumping data untuk tabel `bulan`
--

INSERT INTO `bulan` (`bulan_id`, `student_student_id`, `payment_payment_id`, `month_month_id`, `bulan_bill`, `bulan_status`, `bulan_number_pay`, `bulan_date_pay`, `user_user_id`, `bulan_input_date`, `bulan_last_update`) VALUES
(1, NULL, 1, 1, '20', 1, '20220700001', '2022-07-02', 1, '2022-07-02 04:45:57', '2022-07-02 04:59:42'),
(2, NULL, 1, 2, '20', 0, NULL, NULL, NULL, '2022-07-02 04:45:57', '2022-07-02 04:45:57'),
(3, NULL, 1, 3, '20', 0, NULL, NULL, NULL, '2022-07-02 04:45:57', '2022-07-02 04:45:57'),
(4, NULL, 1, 4, '20', 0, NULL, NULL, NULL, '2022-07-02 04:45:57', '2022-07-02 04:45:57'),
(5, NULL, 1, 5, '20', 0, NULL, NULL, NULL, '2022-07-02 04:45:57', '2022-07-02 04:45:57'),
(6, NULL, 1, 6, '20', 0, NULL, NULL, NULL, '2022-07-02 04:45:57', '2022-07-02 04:45:57'),
(7, NULL, 1, 7, '20', 0, NULL, NULL, NULL, '2022-07-02 04:45:57', '2022-07-02 04:45:57'),
(8, NULL, 1, 8, '20', 0, NULL, NULL, NULL, '2022-07-02 04:45:57', '2022-07-02 04:45:57'),
(9, NULL, 1, 9, '20', 0, NULL, NULL, NULL, '2022-07-02 04:45:57', '2022-07-02 04:45:57'),
(10, NULL, 1, 10, '20', 0, NULL, NULL, NULL, '2022-07-02 04:45:57', '2022-07-02 04:45:57'),
(11, NULL, 1, 11, '20', 0, NULL, NULL, NULL, '2022-07-02 04:45:57', '2022-07-02 04:45:57'),
(12, NULL, 1, 12, '20', 0, NULL, NULL, NULL, '2022-07-02 04:45:57', '2022-07-02 04:45:57'),
(13, NULL, 1, 1, '100000', 1, '20220700002', '2022-07-19', 1, '2022-07-19 13:23:59', '2022-07-19 13:24:44'),
(14, NULL, 1, 2, '100000', 1, '20220700004', '2022-07-20', 1, '2022-07-19 13:23:59', '2022-07-20 06:57:50'),
(15, NULL, 1, 3, '100000', 0, NULL, NULL, NULL, '2022-07-19 13:23:59', '2022-07-19 13:23:59'),
(16, NULL, 1, 4, '100000', 0, NULL, NULL, NULL, '2022-07-19 13:23:59', '2022-07-19 13:23:59'),
(17, NULL, 1, 5, '100000', 0, NULL, NULL, NULL, '2022-07-19 13:23:59', '2022-07-19 13:23:59'),
(18, NULL, 1, 6, '100000', 0, NULL, NULL, NULL, '2022-07-19 13:23:59', '2022-07-19 13:23:59'),
(19, NULL, 1, 7, '100000', 0, NULL, NULL, NULL, '2022-07-19 13:23:59', '2022-07-19 13:23:59'),
(20, NULL, 1, 8, '100000', 0, NULL, NULL, NULL, '2022-07-19 13:23:59', '2022-07-19 13:23:59'),
(21, NULL, 1, 9, '100000', 0, NULL, NULL, NULL, '2022-07-19 13:23:59', '2022-07-19 13:23:59'),
(22, NULL, 1, 10, '100000', 0, NULL, NULL, NULL, '2022-07-19 13:23:59', '2022-07-19 13:23:59'),
(23, NULL, 1, 11, '100000', 0, NULL, NULL, NULL, '2022-07-19 13:23:59', '2022-07-19 13:23:59'),
(24, NULL, 1, 12, '100000', 0, NULL, NULL, NULL, '2022-07-19 13:23:59', '2022-07-19 13:23:59'),
(25, NULL, 1, 1, '100000', 0, NULL, NULL, NULL, '2022-07-19 13:23:59', '2022-07-19 13:23:59'),
(26, NULL, 1, 2, '100000', 0, NULL, NULL, NULL, '2022-07-19 13:23:59', '2022-07-19 13:23:59'),
(27, NULL, 1, 3, '100000', 0, NULL, NULL, NULL, '2022-07-19 13:23:59', '2022-07-19 13:23:59'),
(28, NULL, 1, 4, '100000', 0, NULL, NULL, NULL, '2022-07-19 13:23:59', '2022-07-19 13:23:59'),
(29, NULL, 1, 5, '100000', 0, NULL, NULL, NULL, '2022-07-19 13:23:59', '2022-07-19 13:23:59'),
(30, NULL, 1, 6, '100000', 0, NULL, NULL, NULL, '2022-07-19 13:23:59', '2022-07-19 13:23:59'),
(31, NULL, 1, 7, '100000', 0, NULL, NULL, NULL, '2022-07-19 13:23:59', '2022-07-19 13:23:59'),
(32, NULL, 1, 8, '100000', 0, NULL, NULL, NULL, '2022-07-19 13:23:59', '2022-07-19 13:23:59'),
(33, NULL, 1, 9, '100000', 0, NULL, NULL, NULL, '2022-07-19 13:23:59', '2022-07-19 13:23:59'),
(34, NULL, 1, 10, '100000', 0, NULL, NULL, NULL, '2022-07-19 13:23:59', '2022-07-19 13:23:59'),
(35, NULL, 1, 11, '100000', 0, NULL, NULL, NULL, '2022-07-19 13:23:59', '2022-07-19 13:23:59'),
(36, NULL, 1, 12, '100000', 0, NULL, NULL, NULL, '2022-07-19 13:23:59', '2022-07-19 13:23:59'),
(37, NULL, 1, 1, '100000', 1, '20220700003', '2022-07-19', 1, '2022-07-19 13:23:59', '2022-07-19 13:47:32'),
(38, NULL, 1, 2, '100000', 0, NULL, NULL, NULL, '2022-07-19 13:23:59', '2022-07-19 13:47:32'),
(39, NULL, 1, 3, '100000', 0, NULL, NULL, NULL, '2022-07-19 13:23:59', '2022-07-19 13:47:32'),
(40, NULL, 1, 4, '100000', 0, NULL, NULL, NULL, '2022-07-19 13:23:59', '2022-07-19 13:47:32'),
(41, NULL, 1, 5, '100000', 0, NULL, NULL, NULL, '2022-07-19 13:23:59', '2022-07-19 13:47:32'),
(42, NULL, 1, 6, '100000', 0, NULL, NULL, NULL, '2022-07-19 13:23:59', '2022-07-19 13:47:32'),
(43, NULL, 1, 7, '100000', 0, NULL, NULL, NULL, '2022-07-19 13:23:59', '2022-07-19 13:47:32'),
(44, NULL, 1, 8, '100000', 0, NULL, NULL, NULL, '2022-07-19 13:23:59', '2022-07-19 13:47:32'),
(45, NULL, 1, 9, '100000', 0, NULL, NULL, NULL, '2022-07-19 13:23:59', '2022-07-19 13:47:32'),
(46, NULL, 1, 10, '100000', 0, NULL, NULL, NULL, '2022-07-19 13:23:59', '2022-07-19 13:47:32'),
(47, NULL, 1, 11, '100000', 0, NULL, NULL, NULL, '2022-07-19 13:23:59', '2022-07-19 13:47:32'),
(48, NULL, 1, 12, '100000', 0, NULL, NULL, NULL, '2022-07-19 13:23:59', '2022-07-19 13:47:32'),
(49, NULL, 1, 1, '100000', 0, NULL, NULL, NULL, '2022-07-19 13:23:59', '2022-07-19 13:23:59'),
(50, NULL, 1, 2, '100000', 0, NULL, NULL, NULL, '2022-07-19 13:23:59', '2022-07-19 13:23:59'),
(51, NULL, 1, 3, '100000', 0, NULL, NULL, NULL, '2022-07-19 13:23:59', '2022-07-19 13:23:59'),
(52, NULL, 1, 4, '100000', 0, NULL, NULL, NULL, '2022-07-19 13:23:59', '2022-07-19 13:23:59'),
(53, NULL, 1, 5, '100000', 0, NULL, NULL, NULL, '2022-07-19 13:23:59', '2022-07-19 13:23:59'),
(54, NULL, 1, 6, '100000', 0, NULL, NULL, NULL, '2022-07-19 13:23:59', '2022-07-19 13:23:59'),
(55, NULL, 1, 7, '100000', 0, NULL, NULL, NULL, '2022-07-19 13:23:59', '2022-07-19 13:23:59'),
(56, NULL, 1, 8, '100000', 0, NULL, NULL, NULL, '2022-07-19 13:23:59', '2022-07-19 13:23:59'),
(57, NULL, 1, 9, '100000', 0, NULL, NULL, NULL, '2022-07-19 13:23:59', '2022-07-19 13:23:59'),
(58, NULL, 1, 10, '100000', 0, NULL, NULL, NULL, '2022-07-19 13:23:59', '2022-07-19 13:23:59'),
(59, NULL, 1, 11, '100000', 0, NULL, NULL, NULL, '2022-07-19 13:23:59', '2022-07-19 13:23:59'),
(60, NULL, 1, 12, '100000', 0, NULL, NULL, NULL, '2022-07-19 13:23:59', '2022-07-19 13:23:59'),
(61, NULL, 1, 1, '100000', 0, NULL, NULL, NULL, '2022-07-19 13:23:59', '2022-07-19 13:23:59'),
(62, NULL, 1, 2, '100000', 0, NULL, NULL, NULL, '2022-07-19 13:23:59', '2022-07-19 13:23:59'),
(63, NULL, 1, 3, '100000', 0, NULL, NULL, NULL, '2022-07-19 13:23:59', '2022-07-19 13:23:59'),
(64, NULL, 1, 4, '100000', 0, NULL, NULL, NULL, '2022-07-19 13:23:59', '2022-07-19 13:23:59'),
(65, NULL, 1, 5, '100000', 0, NULL, NULL, NULL, '2022-07-19 13:23:59', '2022-07-19 13:23:59'),
(66, NULL, 1, 6, '100000', 0, NULL, NULL, NULL, '2022-07-19 13:23:59', '2022-07-19 13:23:59'),
(67, NULL, 1, 7, '100000', 0, NULL, NULL, NULL, '2022-07-19 13:23:59', '2022-07-19 13:23:59'),
(68, NULL, 1, 8, '100000', 0, NULL, NULL, NULL, '2022-07-19 13:23:59', '2022-07-19 13:23:59'),
(69, NULL, 1, 9, '100000', 0, NULL, NULL, NULL, '2022-07-19 13:23:59', '2022-07-19 13:23:59'),
(70, NULL, 1, 10, '100000', 0, NULL, NULL, NULL, '2022-07-19 13:23:59', '2022-07-19 13:23:59'),
(71, NULL, 1, 11, '100000', 0, NULL, NULL, NULL, '2022-07-19 13:23:59', '2022-07-19 13:23:59'),
(72, NULL, 1, 12, '100000', 0, NULL, NULL, NULL, '2022-07-19 13:23:59', '2022-07-19 13:23:59'),
(73, NULL, 1, 1, '100000', 0, NULL, NULL, NULL, '2022-07-19 13:23:59', '2022-07-19 13:50:32'),
(74, NULL, 1, 2, '100000', 0, NULL, NULL, NULL, '2022-07-19 13:23:59', '2022-07-19 13:50:33'),
(75, NULL, 1, 3, '100000', 0, NULL, NULL, NULL, '2022-07-19 13:23:59', '2022-07-19 13:50:33'),
(76, NULL, 1, 4, '100000', 0, NULL, NULL, NULL, '2022-07-19 13:23:59', '2022-07-19 13:50:33'),
(77, NULL, 1, 5, '100000', 0, NULL, NULL, NULL, '2022-07-19 13:23:59', '2022-07-19 13:50:33'),
(78, NULL, 1, 6, '100000', 0, NULL, NULL, NULL, '2022-07-19 13:23:59', '2022-07-19 13:50:33'),
(79, NULL, 1, 7, '100000', 0, NULL, NULL, NULL, '2022-07-19 13:23:59', '2022-07-19 13:50:33'),
(80, NULL, 1, 8, '100000', 0, NULL, NULL, NULL, '2022-07-19 13:23:59', '2022-07-19 13:50:33'),
(81, NULL, 1, 9, '100000', 0, NULL, NULL, NULL, '2022-07-19 13:23:59', '2022-07-19 13:50:33'),
(82, NULL, 1, 10, '100000', 0, NULL, NULL, NULL, '2022-07-19 13:23:59', '2022-07-19 13:50:33'),
(83, NULL, 1, 11, '100000', 0, NULL, NULL, NULL, '2022-07-19 13:23:59', '2022-07-19 13:50:33'),
(84, NULL, 1, 12, '100000', 0, NULL, NULL, NULL, '2022-07-19 13:23:59', '2022-07-19 13:50:33'),
(85, NULL, 1, 1, '100000', 0, NULL, NULL, NULL, '2022-07-19 13:23:59', '2022-07-19 13:23:59'),
(86, NULL, 1, 2, '100000', 0, NULL, NULL, NULL, '2022-07-19 13:23:59', '2022-07-19 13:23:59'),
(87, NULL, 1, 3, '100000', 0, NULL, NULL, NULL, '2022-07-19 13:23:59', '2022-07-19 13:23:59'),
(88, NULL, 1, 4, '100000', 0, NULL, NULL, NULL, '2022-07-19 13:23:59', '2022-07-19 13:23:59'),
(89, NULL, 1, 5, '100000', 0, NULL, NULL, NULL, '2022-07-19 13:23:59', '2022-07-19 13:23:59'),
(90, NULL, 1, 6, '100000', 0, NULL, NULL, NULL, '2022-07-19 13:23:59', '2022-07-19 13:23:59'),
(91, NULL, 1, 7, '100000', 0, NULL, NULL, NULL, '2022-07-19 13:23:59', '2022-07-19 13:23:59'),
(92, NULL, 1, 8, '100000', 0, NULL, NULL, NULL, '2022-07-19 13:23:59', '2022-07-19 13:23:59'),
(93, NULL, 1, 9, '100000', 0, NULL, NULL, NULL, '2022-07-19 13:23:59', '2022-07-19 13:23:59'),
(94, NULL, 1, 10, '100000', 0, NULL, NULL, NULL, '2022-07-19 13:23:59', '2022-07-19 13:23:59'),
(95, NULL, 1, 11, '100000', 0, NULL, NULL, NULL, '2022-07-19 13:23:59', '2022-07-19 13:23:59'),
(96, NULL, 1, 12, '100000', 0, NULL, NULL, NULL, '2022-07-19 13:23:59', '2022-07-19 13:23:59'),
(97, NULL, 1, 1, '100000', 0, NULL, NULL, NULL, '2022-07-19 13:23:59', '2022-07-19 13:23:59'),
(98, NULL, 1, 2, '100000', 0, NULL, NULL, NULL, '2022-07-19 13:23:59', '2022-07-19 13:23:59'),
(99, NULL, 1, 3, '100000', 0, NULL, NULL, NULL, '2022-07-19 13:23:59', '2022-07-19 13:23:59'),
(100, NULL, 1, 4, '100000', 0, NULL, NULL, NULL, '2022-07-19 13:23:59', '2022-07-19 13:23:59'),
(101, NULL, 1, 5, '100000', 0, NULL, NULL, NULL, '2022-07-19 13:23:59', '2022-07-19 13:23:59'),
(102, NULL, 1, 6, '100000', 0, NULL, NULL, NULL, '2022-07-19 13:23:59', '2022-07-19 13:23:59'),
(103, NULL, 1, 7, '100000', 0, NULL, NULL, NULL, '2022-07-19 13:23:59', '2022-07-19 13:23:59'),
(104, NULL, 1, 8, '100000', 0, NULL, NULL, NULL, '2022-07-19 13:23:59', '2022-07-19 13:23:59'),
(105, NULL, 1, 9, '100000', 0, NULL, NULL, NULL, '2022-07-19 13:23:59', '2022-07-19 13:23:59'),
(106, NULL, 1, 10, '100000', 0, NULL, NULL, NULL, '2022-07-19 13:23:59', '2022-07-19 13:23:59'),
(107, NULL, 1, 11, '100000', 0, NULL, NULL, NULL, '2022-07-19 13:23:59', '2022-07-19 13:23:59'),
(108, NULL, 1, 12, '100000', 0, NULL, NULL, NULL, '2022-07-19 13:23:59', '2022-07-19 13:23:59'),
(109, NULL, 1, 1, '100000', 0, NULL, NULL, NULL, '2022-07-19 13:23:59', '2022-07-19 13:23:59'),
(110, NULL, 1, 2, '100000', 0, NULL, NULL, NULL, '2022-07-19 13:23:59', '2022-07-19 13:23:59'),
(111, NULL, 1, 3, '100000', 0, NULL, NULL, NULL, '2022-07-19 13:23:59', '2022-07-19 13:23:59'),
(112, NULL, 1, 4, '100000', 0, NULL, NULL, NULL, '2022-07-19 13:23:59', '2022-07-19 13:23:59'),
(113, NULL, 1, 5, '100000', 0, NULL, NULL, NULL, '2022-07-19 13:23:59', '2022-07-19 13:23:59'),
(114, NULL, 1, 6, '100000', 0, NULL, NULL, NULL, '2022-07-19 13:23:59', '2022-07-19 13:23:59'),
(115, NULL, 1, 7, '100000', 0, NULL, NULL, NULL, '2022-07-19 13:23:59', '2022-07-19 13:23:59'),
(116, NULL, 1, 8, '100000', 0, NULL, NULL, NULL, '2022-07-19 13:23:59', '2022-07-19 13:23:59'),
(117, NULL, 1, 9, '100000', 0, NULL, NULL, NULL, '2022-07-19 13:23:59', '2022-07-19 13:23:59'),
(118, NULL, 1, 10, '100000', 0, NULL, NULL, NULL, '2022-07-19 13:23:59', '2022-07-19 13:23:59'),
(119, NULL, 1, 11, '100000', 0, NULL, NULL, NULL, '2022-07-19 13:23:59', '2022-07-19 13:23:59'),
(120, NULL, 1, 12, '100000', 0, NULL, NULL, NULL, '2022-07-19 13:23:59', '2022-07-19 13:23:59'),
(121, NULL, 1, 1, '100000', 0, NULL, NULL, NULL, '2022-07-19 13:23:59', '2022-07-19 13:23:59'),
(122, NULL, 1, 2, '100000', 0, NULL, NULL, NULL, '2022-07-19 13:23:59', '2022-07-19 13:23:59'),
(123, NULL, 1, 3, '100000', 0, NULL, NULL, NULL, '2022-07-19 13:23:59', '2022-07-19 13:23:59'),
(124, NULL, 1, 4, '100000', 0, NULL, NULL, NULL, '2022-07-19 13:23:59', '2022-07-19 13:23:59'),
(125, NULL, 1, 5, '100000', 0, NULL, NULL, NULL, '2022-07-19 13:23:59', '2022-07-19 13:23:59'),
(126, NULL, 1, 6, '100000', 0, NULL, NULL, NULL, '2022-07-19 13:23:59', '2022-07-19 13:23:59'),
(127, NULL, 1, 7, '100000', 0, NULL, NULL, NULL, '2022-07-19 13:23:59', '2022-07-19 13:23:59'),
(128, NULL, 1, 8, '100000', 0, NULL, NULL, NULL, '2022-07-19 13:23:59', '2022-07-19 13:23:59'),
(129, NULL, 1, 9, '100000', 0, NULL, NULL, NULL, '2022-07-19 13:23:59', '2022-07-19 13:23:59'),
(130, NULL, 1, 10, '100000', 0, NULL, NULL, NULL, '2022-07-19 13:23:59', '2022-07-19 13:23:59'),
(131, NULL, 1, 11, '100000', 0, NULL, NULL, NULL, '2022-07-19 13:23:59', '2022-07-19 13:23:59'),
(132, NULL, 1, 12, '100000', 0, NULL, NULL, NULL, '2022-07-19 13:23:59', '2022-07-19 13:23:59'),
(133, NULL, 1, 1, '100000', 0, NULL, NULL, NULL, '2022-07-19 13:23:59', '2022-07-19 13:23:59'),
(134, NULL, 1, 2, '100000', 0, NULL, NULL, NULL, '2022-07-19 13:23:59', '2022-07-19 13:23:59'),
(135, NULL, 1, 3, '100000', 0, NULL, NULL, NULL, '2022-07-19 13:23:59', '2022-07-19 13:23:59'),
(136, NULL, 1, 4, '100000', 0, NULL, NULL, NULL, '2022-07-19 13:23:59', '2022-07-19 13:23:59'),
(137, NULL, 1, 5, '100000', 0, NULL, NULL, NULL, '2022-07-19 13:23:59', '2022-07-19 13:23:59'),
(138, NULL, 1, 6, '100000', 0, NULL, NULL, NULL, '2022-07-19 13:23:59', '2022-07-19 13:23:59'),
(139, NULL, 1, 7, '100000', 0, NULL, NULL, NULL, '2022-07-19 13:23:59', '2022-07-19 13:23:59'),
(140, NULL, 1, 8, '100000', 0, NULL, NULL, NULL, '2022-07-19 13:23:59', '2022-07-19 13:23:59'),
(141, NULL, 1, 9, '100000', 0, NULL, NULL, NULL, '2022-07-19 13:23:59', '2022-07-19 13:23:59'),
(142, NULL, 1, 10, '100000', 0, NULL, NULL, NULL, '2022-07-19 13:23:59', '2022-07-19 13:23:59'),
(143, NULL, 1, 11, '100000', 0, NULL, NULL, NULL, '2022-07-19 13:23:59', '2022-07-19 13:23:59'),
(144, NULL, 1, 12, '100000', 0, NULL, NULL, NULL, '2022-07-19 13:23:59', '2022-07-19 13:23:59'),
(145, NULL, 1, 1, '100000', 0, NULL, NULL, NULL, '2022-07-19 13:23:59', '2022-07-19 13:23:59'),
(146, NULL, 1, 2, '100000', 0, NULL, NULL, NULL, '2022-07-19 13:23:59', '2022-07-19 13:23:59'),
(147, NULL, 1, 3, '100000', 0, NULL, NULL, NULL, '2022-07-19 13:23:59', '2022-07-19 13:23:59'),
(148, NULL, 1, 4, '100000', 0, NULL, NULL, NULL, '2022-07-19 13:23:59', '2022-07-19 13:23:59'),
(149, NULL, 1, 5, '100000', 0, NULL, NULL, NULL, '2022-07-19 13:23:59', '2022-07-19 13:23:59'),
(150, NULL, 1, 6, '100000', 0, NULL, NULL, NULL, '2022-07-19 13:23:59', '2022-07-19 13:23:59'),
(151, NULL, 1, 7, '100000', 0, NULL, NULL, NULL, '2022-07-19 13:23:59', '2022-07-19 13:23:59'),
(152, NULL, 1, 8, '100000', 0, NULL, NULL, NULL, '2022-07-19 13:23:59', '2022-07-19 13:23:59'),
(153, NULL, 1, 9, '100000', 0, NULL, NULL, NULL, '2022-07-19 13:23:59', '2022-07-19 13:23:59'),
(154, NULL, 1, 10, '100000', 0, NULL, NULL, NULL, '2022-07-19 13:23:59', '2022-07-19 13:23:59'),
(155, NULL, 1, 11, '100000', 0, NULL, NULL, NULL, '2022-07-19 13:23:59', '2022-07-19 13:23:59'),
(156, NULL, 1, 12, '100000', 0, NULL, NULL, NULL, '2022-07-19 13:23:59', '2022-07-19 13:23:59'),
(157, NULL, 1, 1, '100000', 0, NULL, NULL, NULL, '2022-07-19 13:23:59', '2022-07-19 13:23:59'),
(158, NULL, 1, 2, '100000', 0, NULL, NULL, NULL, '2022-07-19 13:23:59', '2022-07-19 13:23:59'),
(159, NULL, 1, 3, '100000', 0, NULL, NULL, NULL, '2022-07-19 13:23:59', '2022-07-19 13:23:59'),
(160, NULL, 1, 4, '100000', 0, NULL, NULL, NULL, '2022-07-19 13:23:59', '2022-07-19 13:23:59'),
(161, NULL, 1, 5, '100000', 0, NULL, NULL, NULL, '2022-07-19 13:23:59', '2022-07-19 13:23:59'),
(162, NULL, 1, 6, '100000', 0, NULL, NULL, NULL, '2022-07-19 13:23:59', '2022-07-19 13:23:59'),
(163, NULL, 1, 7, '100000', 0, NULL, NULL, NULL, '2022-07-19 13:23:59', '2022-07-19 13:23:59'),
(164, NULL, 1, 8, '100000', 0, NULL, NULL, NULL, '2022-07-19 13:23:59', '2022-07-19 13:23:59'),
(165, NULL, 1, 9, '100000', 0, NULL, NULL, NULL, '2022-07-19 13:23:59', '2022-07-19 13:23:59'),
(166, NULL, 1, 10, '100000', 0, NULL, NULL, NULL, '2022-07-19 13:23:59', '2022-07-19 13:23:59'),
(167, NULL, 1, 11, '100000', 0, NULL, NULL, NULL, '2022-07-19 13:23:59', '2022-07-19 13:23:59'),
(168, NULL, 1, 12, '100000', 0, NULL, NULL, NULL, '2022-07-19 13:23:59', '2022-07-19 13:23:59'),
(169, NULL, 1, 1, '100000', 0, NULL, NULL, NULL, '2022-07-19 13:23:59', '2022-07-19 13:23:59'),
(170, NULL, 1, 2, '100000', 0, NULL, NULL, NULL, '2022-07-19 13:23:59', '2022-07-19 13:23:59'),
(171, NULL, 1, 3, '100000', 0, NULL, NULL, NULL, '2022-07-19 13:23:59', '2022-07-19 13:23:59'),
(172, NULL, 1, 4, '100000', 0, NULL, NULL, NULL, '2022-07-19 13:23:59', '2022-07-19 13:23:59'),
(173, NULL, 1, 5, '100000', 0, NULL, NULL, NULL, '2022-07-19 13:23:59', '2022-07-19 13:23:59'),
(174, NULL, 1, 6, '100000', 0, NULL, NULL, NULL, '2022-07-19 13:23:59', '2022-07-19 13:23:59'),
(175, NULL, 1, 7, '100000', 0, NULL, NULL, NULL, '2022-07-19 13:23:59', '2022-07-19 13:23:59'),
(176, NULL, 1, 8, '100000', 0, NULL, NULL, NULL, '2022-07-19 13:23:59', '2022-07-19 13:23:59'),
(177, NULL, 1, 9, '100000', 0, NULL, NULL, NULL, '2022-07-19 13:23:59', '2022-07-19 13:23:59'),
(178, NULL, 1, 10, '100000', 0, NULL, NULL, NULL, '2022-07-19 13:23:59', '2022-07-19 13:23:59'),
(179, NULL, 1, 11, '100000', 0, NULL, NULL, NULL, '2022-07-19 13:23:59', '2022-07-19 13:23:59'),
(180, NULL, 1, 12, '100000', 0, NULL, NULL, NULL, '2022-07-19 13:23:59', '2022-07-19 13:23:59'),
(181, NULL, 1, 1, '100000', 0, NULL, NULL, NULL, '2022-07-19 13:23:59', '2022-07-19 13:23:59'),
(182, NULL, 1, 2, '100000', 0, NULL, NULL, NULL, '2022-07-19 13:23:59', '2022-07-19 13:23:59'),
(183, NULL, 1, 3, '100000', 0, NULL, NULL, NULL, '2022-07-19 13:23:59', '2022-07-19 13:23:59'),
(184, NULL, 1, 4, '100000', 0, NULL, NULL, NULL, '2022-07-19 13:23:59', '2022-07-19 13:23:59'),
(185, NULL, 1, 5, '100000', 0, NULL, NULL, NULL, '2022-07-19 13:23:59', '2022-07-19 13:23:59'),
(186, NULL, 1, 6, '100000', 0, NULL, NULL, NULL, '2022-07-19 13:23:59', '2022-07-19 13:23:59'),
(187, NULL, 1, 7, '100000', 0, NULL, NULL, NULL, '2022-07-19 13:23:59', '2022-07-19 13:23:59'),
(188, NULL, 1, 8, '100000', 0, NULL, NULL, NULL, '2022-07-19 13:23:59', '2022-07-19 13:23:59'),
(189, NULL, 1, 9, '100000', 0, NULL, NULL, NULL, '2022-07-19 13:23:59', '2022-07-19 13:23:59'),
(190, NULL, 1, 10, '100000', 0, NULL, NULL, NULL, '2022-07-19 13:23:59', '2022-07-19 13:23:59'),
(191, NULL, 1, 11, '100000', 0, NULL, NULL, NULL, '2022-07-19 13:23:59', '2022-07-19 13:23:59'),
(192, NULL, 1, 12, '100000', 0, NULL, NULL, NULL, '2022-07-19 13:23:59', '2022-07-19 13:23:59'),
(193, NULL, 1, 1, '100000', 0, NULL, NULL, NULL, '2022-07-19 13:23:59', '2022-07-19 13:23:59'),
(194, NULL, 1, 2, '100000', 0, NULL, NULL, NULL, '2022-07-19 13:23:59', '2022-07-19 13:23:59'),
(195, NULL, 1, 3, '100000', 0, NULL, NULL, NULL, '2022-07-19 13:23:59', '2022-07-19 13:23:59'),
(196, NULL, 1, 4, '100000', 0, NULL, NULL, NULL, '2022-07-19 13:23:59', '2022-07-19 13:23:59'),
(197, NULL, 1, 5, '100000', 0, NULL, NULL, NULL, '2022-07-19 13:23:59', '2022-07-19 13:23:59'),
(198, NULL, 1, 6, '100000', 0, NULL, NULL, NULL, '2022-07-19 13:23:59', '2022-07-19 13:23:59'),
(199, NULL, 1, 7, '100000', 0, NULL, NULL, NULL, '2022-07-19 13:23:59', '2022-07-19 13:23:59'),
(200, NULL, 1, 8, '100000', 0, NULL, NULL, NULL, '2022-07-19 13:23:59', '2022-07-19 13:23:59'),
(201, NULL, 1, 9, '100000', 0, NULL, NULL, NULL, '2022-07-19 13:23:59', '2022-07-19 13:23:59'),
(202, NULL, 1, 10, '100000', 0, NULL, NULL, NULL, '2022-07-19 13:23:59', '2022-07-19 13:23:59'),
(203, NULL, 1, 11, '100000', 0, NULL, NULL, NULL, '2022-07-19 13:23:59', '2022-07-19 13:23:59'),
(204, NULL, 1, 12, '100000', 0, NULL, NULL, NULL, '2022-07-19 13:23:59', '2022-07-19 13:23:59'),
(205, NULL, 1, 1, '100000', 0, NULL, NULL, NULL, '2022-07-19 13:23:59', '2022-07-19 13:23:59'),
(206, NULL, 1, 2, '100000', 0, NULL, NULL, NULL, '2022-07-19 13:23:59', '2022-07-19 13:23:59'),
(207, NULL, 1, 3, '100000', 0, NULL, NULL, NULL, '2022-07-19 13:23:59', '2022-07-19 13:23:59'),
(208, NULL, 1, 4, '100000', 0, NULL, NULL, NULL, '2022-07-19 13:23:59', '2022-07-19 13:23:59'),
(209, NULL, 1, 5, '100000', 0, NULL, NULL, NULL, '2022-07-19 13:23:59', '2022-07-19 13:23:59'),
(210, NULL, 1, 6, '100000', 0, NULL, NULL, NULL, '2022-07-19 13:23:59', '2022-07-19 13:23:59'),
(211, NULL, 1, 7, '100000', 0, NULL, NULL, NULL, '2022-07-19 13:23:59', '2022-07-19 13:23:59'),
(212, NULL, 1, 8, '100000', 0, NULL, NULL, NULL, '2022-07-19 13:23:59', '2022-07-19 13:23:59'),
(213, NULL, 1, 9, '100000', 0, NULL, NULL, NULL, '2022-07-19 13:23:59', '2022-07-19 13:23:59'),
(214, NULL, 1, 10, '100000', 0, NULL, NULL, NULL, '2022-07-19 13:23:59', '2022-07-19 13:23:59'),
(215, NULL, 1, 11, '100000', 0, NULL, NULL, NULL, '2022-07-19 13:23:59', '2022-07-19 13:23:59'),
(216, NULL, 1, 12, '100000', 0, NULL, NULL, NULL, '2022-07-19 13:23:59', '2022-07-19 13:23:59'),
(217, NULL, 1, 1, '100000', 0, NULL, NULL, NULL, '2022-07-19 13:23:59', '2022-07-19 13:23:59'),
(218, NULL, 1, 2, '100000', 0, NULL, NULL, NULL, '2022-07-19 13:23:59', '2022-07-19 13:23:59'),
(219, NULL, 1, 3, '100000', 0, NULL, NULL, NULL, '2022-07-19 13:23:59', '2022-07-19 13:23:59'),
(220, NULL, 1, 4, '100000', 0, NULL, NULL, NULL, '2022-07-19 13:23:59', '2022-07-19 13:23:59'),
(221, NULL, 1, 5, '100000', 0, NULL, NULL, NULL, '2022-07-19 13:23:59', '2022-07-19 13:23:59'),
(222, NULL, 1, 6, '100000', 0, NULL, NULL, NULL, '2022-07-19 13:23:59', '2022-07-19 13:23:59'),
(223, NULL, 1, 7, '100000', 0, NULL, NULL, NULL, '2022-07-19 13:23:59', '2022-07-19 13:23:59'),
(224, NULL, 1, 8, '100000', 0, NULL, NULL, NULL, '2022-07-19 13:23:59', '2022-07-19 13:23:59'),
(225, NULL, 1, 9, '100000', 0, NULL, NULL, NULL, '2022-07-19 13:23:59', '2022-07-19 13:23:59'),
(226, NULL, 1, 10, '100000', 0, NULL, NULL, NULL, '2022-07-19 13:23:59', '2022-07-19 13:23:59'),
(227, NULL, 1, 11, '100000', 0, NULL, NULL, NULL, '2022-07-19 13:23:59', '2022-07-19 13:23:59'),
(228, NULL, 1, 12, '100000', 0, NULL, NULL, NULL, '2022-07-19 13:23:59', '2022-07-19 13:23:59'),
(229, NULL, 1, 1, '100000', 0, NULL, NULL, NULL, '2022-07-19 13:23:59', '2022-07-19 13:23:59'),
(230, NULL, 1, 2, '100000', 0, NULL, NULL, NULL, '2022-07-19 13:23:59', '2022-07-19 13:23:59'),
(231, NULL, 1, 3, '100000', 0, NULL, NULL, NULL, '2022-07-19 13:23:59', '2022-07-19 13:23:59'),
(232, NULL, 1, 4, '100000', 0, NULL, NULL, NULL, '2022-07-19 13:23:59', '2022-07-19 13:23:59'),
(233, NULL, 1, 5, '100000', 0, NULL, NULL, NULL, '2022-07-19 13:23:59', '2022-07-19 13:23:59'),
(234, NULL, 1, 6, '100000', 0, NULL, NULL, NULL, '2022-07-19 13:23:59', '2022-07-19 13:23:59'),
(235, NULL, 1, 7, '100000', 0, NULL, NULL, NULL, '2022-07-19 13:23:59', '2022-07-19 13:23:59'),
(236, NULL, 1, 8, '100000', 0, NULL, NULL, NULL, '2022-07-19 13:23:59', '2022-07-19 13:23:59'),
(237, NULL, 1, 9, '100000', 0, NULL, NULL, NULL, '2022-07-19 13:23:59', '2022-07-19 13:23:59'),
(238, NULL, 1, 10, '100000', 0, NULL, NULL, NULL, '2022-07-19 13:23:59', '2022-07-19 13:23:59'),
(239, NULL, 1, 11, '100000', 0, NULL, NULL, NULL, '2022-07-19 13:23:59', '2022-07-19 13:23:59'),
(240, NULL, 1, 12, '100000', 0, NULL, NULL, NULL, '2022-07-19 13:23:59', '2022-07-19 13:23:59'),
(241, NULL, 1, 1, '100000', 0, NULL, NULL, NULL, '2022-07-19 13:23:59', '2022-07-19 13:23:59'),
(242, NULL, 1, 2, '100000', 0, NULL, NULL, NULL, '2022-07-19 13:23:59', '2022-07-19 13:23:59'),
(243, NULL, 1, 3, '100000', 0, NULL, NULL, NULL, '2022-07-19 13:23:59', '2022-07-19 13:23:59'),
(244, NULL, 1, 4, '100000', 0, NULL, NULL, NULL, '2022-07-19 13:23:59', '2022-07-19 13:23:59'),
(245, NULL, 1, 5, '100000', 0, NULL, NULL, NULL, '2022-07-19 13:23:59', '2022-07-19 13:23:59'),
(246, NULL, 1, 6, '100000', 0, NULL, NULL, NULL, '2022-07-19 13:23:59', '2022-07-19 13:23:59'),
(247, NULL, 1, 7, '100000', 0, NULL, NULL, NULL, '2022-07-19 13:23:59', '2022-07-19 13:23:59'),
(248, NULL, 1, 8, '100000', 0, NULL, NULL, NULL, '2022-07-19 13:23:59', '2022-07-19 13:23:59'),
(249, NULL, 1, 9, '100000', 0, NULL, NULL, NULL, '2022-07-19 13:23:59', '2022-07-19 13:23:59'),
(250, NULL, 1, 10, '100000', 0, NULL, NULL, NULL, '2022-07-19 13:23:59', '2022-07-19 13:23:59'),
(251, NULL, 1, 11, '100000', 0, NULL, NULL, NULL, '2022-07-19 13:23:59', '2022-07-19 13:23:59'),
(252, NULL, 1, 12, '100000', 0, NULL, NULL, NULL, '2022-07-19 13:23:59', '2022-07-19 13:23:59'),
(253, NULL, 1, 1, '100000', 0, NULL, NULL, NULL, '2022-07-19 13:23:59', '2022-07-19 13:23:59'),
(254, NULL, 1, 2, '100000', 0, NULL, NULL, NULL, '2022-07-19 13:23:59', '2022-07-19 13:23:59'),
(255, NULL, 1, 3, '100000', 0, NULL, NULL, NULL, '2022-07-19 13:23:59', '2022-07-19 13:23:59'),
(256, NULL, 1, 4, '100000', 0, NULL, NULL, NULL, '2022-07-19 13:23:59', '2022-07-19 13:23:59'),
(257, NULL, 1, 5, '100000', 0, NULL, NULL, NULL, '2022-07-19 13:23:59', '2022-07-19 13:23:59'),
(258, NULL, 1, 6, '100000', 0, NULL, NULL, NULL, '2022-07-19 13:23:59', '2022-07-19 13:23:59'),
(259, NULL, 1, 7, '100000', 0, NULL, NULL, NULL, '2022-07-19 13:23:59', '2022-07-19 13:23:59'),
(260, NULL, 1, 8, '100000', 0, NULL, NULL, NULL, '2022-07-19 13:23:59', '2022-07-19 13:23:59'),
(261, NULL, 1, 9, '100000', 0, NULL, NULL, NULL, '2022-07-19 13:23:59', '2022-07-19 13:23:59'),
(262, NULL, 1, 10, '100000', 0, NULL, NULL, NULL, '2022-07-19 13:23:59', '2022-07-19 13:23:59'),
(263, NULL, 1, 11, '100000', 0, NULL, NULL, NULL, '2022-07-19 13:23:59', '2022-07-19 13:23:59'),
(264, NULL, 1, 12, '100000', 0, NULL, NULL, NULL, '2022-07-19 13:23:59', '2022-07-19 13:23:59'),
(265, NULL, 1, 1, '100000', 0, NULL, NULL, NULL, '2022-07-19 13:23:59', '2022-07-19 13:23:59'),
(266, NULL, 1, 2, '100000', 0, NULL, NULL, NULL, '2022-07-19 13:23:59', '2022-07-19 13:23:59'),
(267, NULL, 1, 3, '100000', 0, NULL, NULL, NULL, '2022-07-19 13:23:59', '2022-07-19 13:23:59'),
(268, NULL, 1, 4, '100000', 0, NULL, NULL, NULL, '2022-07-19 13:23:59', '2022-07-19 13:23:59'),
(269, NULL, 1, 5, '100000', 0, NULL, NULL, NULL, '2022-07-19 13:23:59', '2022-07-19 13:23:59'),
(270, NULL, 1, 6, '100000', 0, NULL, NULL, NULL, '2022-07-19 13:23:59', '2022-07-19 13:23:59'),
(271, NULL, 1, 7, '100000', 0, NULL, NULL, NULL, '2022-07-19 13:23:59', '2022-07-19 13:23:59'),
(272, NULL, 1, 8, '100000', 0, NULL, NULL, NULL, '2022-07-19 13:23:59', '2022-07-19 13:23:59'),
(273, NULL, 1, 9, '100000', 0, NULL, NULL, NULL, '2022-07-19 13:23:59', '2022-07-19 13:23:59'),
(274, NULL, 1, 10, '100000', 0, NULL, NULL, NULL, '2022-07-19 13:23:59', '2022-07-19 13:23:59'),
(275, NULL, 1, 11, '100000', 0, NULL, NULL, NULL, '2022-07-19 13:23:59', '2022-07-19 13:23:59'),
(276, NULL, 1, 12, '100000', 0, NULL, NULL, NULL, '2022-07-19 13:23:59', '2022-07-19 13:23:59'),
(277, NULL, 1, 1, '100000', 0, NULL, NULL, NULL, '2022-07-19 13:23:59', '2022-07-19 13:23:59'),
(278, NULL, 1, 2, '100000', 0, NULL, NULL, NULL, '2022-07-19 13:23:59', '2022-07-19 13:23:59'),
(279, NULL, 1, 3, '100000', 0, NULL, NULL, NULL, '2022-07-19 13:23:59', '2022-07-19 13:23:59'),
(280, NULL, 1, 4, '100000', 0, NULL, NULL, NULL, '2022-07-19 13:23:59', '2022-07-19 13:23:59'),
(281, NULL, 1, 5, '100000', 0, NULL, NULL, NULL, '2022-07-19 13:23:59', '2022-07-19 13:23:59'),
(282, NULL, 1, 6, '100000', 0, NULL, NULL, NULL, '2022-07-19 13:23:59', '2022-07-19 13:23:59'),
(283, NULL, 1, 7, '100000', 0, NULL, NULL, NULL, '2022-07-19 13:23:59', '2022-07-19 13:23:59'),
(284, NULL, 1, 8, '100000', 0, NULL, NULL, NULL, '2022-07-19 13:23:59', '2022-07-19 13:23:59'),
(285, NULL, 1, 9, '100000', 0, NULL, NULL, NULL, '2022-07-19 13:23:59', '2022-07-19 13:23:59'),
(286, NULL, 1, 10, '100000', 0, NULL, NULL, NULL, '2022-07-19 13:23:59', '2022-07-19 13:23:59'),
(287, NULL, 1, 11, '100000', 0, NULL, NULL, NULL, '2022-07-19 13:23:59', '2022-07-19 13:23:59'),
(288, NULL, 1, 12, '100000', 0, NULL, NULL, NULL, '2022-07-19 13:23:59', '2022-07-19 13:23:59'),
(289, NULL, 1, 1, '100000', 0, NULL, NULL, NULL, '2022-07-19 13:23:59', '2022-07-19 13:23:59'),
(290, NULL, 1, 2, '100000', 0, NULL, NULL, NULL, '2022-07-19 13:23:59', '2022-07-19 13:23:59'),
(291, NULL, 1, 3, '100000', 0, NULL, NULL, NULL, '2022-07-19 13:23:59', '2022-07-19 13:23:59'),
(292, NULL, 1, 4, '100000', 0, NULL, NULL, NULL, '2022-07-19 13:23:59', '2022-07-19 13:23:59'),
(293, NULL, 1, 5, '100000', 0, NULL, NULL, NULL, '2022-07-19 13:23:59', '2022-07-19 13:23:59'),
(294, NULL, 1, 6, '100000', 0, NULL, NULL, NULL, '2022-07-19 13:23:59', '2022-07-19 13:23:59'),
(295, NULL, 1, 7, '100000', 0, NULL, NULL, NULL, '2022-07-19 13:23:59', '2022-07-19 13:23:59'),
(296, NULL, 1, 8, '100000', 0, NULL, NULL, NULL, '2022-07-19 13:23:59', '2022-07-19 13:23:59'),
(297, NULL, 1, 9, '100000', 0, NULL, NULL, NULL, '2022-07-19 13:23:59', '2022-07-19 13:23:59'),
(298, NULL, 1, 10, '100000', 0, NULL, NULL, NULL, '2022-07-19 13:23:59', '2022-07-19 13:23:59'),
(299, NULL, 1, 11, '100000', 0, NULL, NULL, NULL, '2022-07-19 13:23:59', '2022-07-19 13:23:59'),
(300, NULL, 1, 12, '100000', 0, NULL, NULL, NULL, '2022-07-19 13:23:59', '2022-07-19 13:23:59'),
(301, NULL, 1, 1, '100000', 0, NULL, NULL, NULL, '2022-07-19 13:23:59', '2022-07-19 13:23:59'),
(302, NULL, 1, 2, '100000', 0, NULL, NULL, NULL, '2022-07-19 13:23:59', '2022-07-19 13:23:59'),
(303, NULL, 1, 3, '100000', 0, NULL, NULL, NULL, '2022-07-19 13:23:59', '2022-07-19 13:23:59'),
(304, NULL, 1, 4, '100000', 0, NULL, NULL, NULL, '2022-07-19 13:23:59', '2022-07-19 13:23:59'),
(305, NULL, 1, 5, '100000', 0, NULL, NULL, NULL, '2022-07-19 13:23:59', '2022-07-19 13:23:59'),
(306, NULL, 1, 6, '100000', 0, NULL, NULL, NULL, '2022-07-19 13:23:59', '2022-07-19 13:23:59'),
(307, NULL, 1, 7, '100000', 0, NULL, NULL, NULL, '2022-07-19 13:23:59', '2022-07-19 13:23:59'),
(308, NULL, 1, 8, '100000', 0, NULL, NULL, NULL, '2022-07-19 13:23:59', '2022-07-19 13:23:59'),
(309, NULL, 1, 9, '100000', 0, NULL, NULL, NULL, '2022-07-19 13:23:59', '2022-07-19 13:23:59'),
(310, NULL, 1, 10, '100000', 0, NULL, NULL, NULL, '2022-07-19 13:23:59', '2022-07-19 13:23:59'),
(311, NULL, 1, 11, '100000', 0, NULL, NULL, NULL, '2022-07-19 13:23:59', '2022-07-19 13:23:59'),
(312, NULL, 1, 12, '100000', 0, NULL, NULL, NULL, '2022-07-19 13:23:59', '2022-07-19 13:23:59'),
(313, NULL, 1, 1, '100000', 0, NULL, NULL, NULL, '2022-07-19 13:23:59', '2022-07-19 13:23:59'),
(314, NULL, 1, 2, '100000', 0, NULL, NULL, NULL, '2022-07-19 13:23:59', '2022-07-19 13:23:59'),
(315, NULL, 1, 3, '100000', 0, NULL, NULL, NULL, '2022-07-19 13:23:59', '2022-07-19 13:23:59'),
(316, NULL, 1, 4, '100000', 0, NULL, NULL, NULL, '2022-07-19 13:23:59', '2022-07-19 13:23:59'),
(317, NULL, 1, 5, '100000', 0, NULL, NULL, NULL, '2022-07-19 13:23:59', '2022-07-19 13:23:59'),
(318, NULL, 1, 6, '100000', 0, NULL, NULL, NULL, '2022-07-19 13:23:59', '2022-07-19 13:23:59'),
(319, NULL, 1, 7, '100000', 0, NULL, NULL, NULL, '2022-07-19 13:23:59', '2022-07-19 13:23:59'),
(320, NULL, 1, 8, '100000', 0, NULL, NULL, NULL, '2022-07-19 13:23:59', '2022-07-19 13:23:59'),
(321, NULL, 1, 9, '100000', 0, NULL, NULL, NULL, '2022-07-19 13:23:59', '2022-07-19 13:23:59'),
(322, NULL, 1, 10, '100000', 0, NULL, NULL, NULL, '2022-07-19 13:23:59', '2022-07-19 13:23:59'),
(323, NULL, 1, 11, '100000', 0, NULL, NULL, NULL, '2022-07-19 13:23:59', '2022-07-19 13:23:59'),
(324, NULL, 1, 12, '100000', 0, NULL, NULL, NULL, '2022-07-19 13:23:59', '2022-07-19 13:23:59'),
(325, NULL, 1, 1, '100000', 0, NULL, NULL, NULL, '2022-07-19 13:23:59', '2022-07-19 13:23:59'),
(326, NULL, 1, 2, '100000', 0, NULL, NULL, NULL, '2022-07-19 13:23:59', '2022-07-19 13:23:59'),
(327, NULL, 1, 3, '100000', 0, NULL, NULL, NULL, '2022-07-19 13:23:59', '2022-07-19 13:23:59'),
(328, NULL, 1, 4, '100000', 0, NULL, NULL, NULL, '2022-07-19 13:23:59', '2022-07-19 13:23:59'),
(329, NULL, 1, 5, '100000', 0, NULL, NULL, NULL, '2022-07-19 13:23:59', '2022-07-19 13:23:59'),
(330, NULL, 1, 6, '100000', 0, NULL, NULL, NULL, '2022-07-19 13:23:59', '2022-07-19 13:23:59'),
(331, NULL, 1, 7, '100000', 0, NULL, NULL, NULL, '2022-07-19 13:23:59', '2022-07-19 13:23:59'),
(332, NULL, 1, 8, '100000', 0, NULL, NULL, NULL, '2022-07-19 13:23:59', '2022-07-19 13:23:59'),
(333, NULL, 1, 9, '100000', 0, NULL, NULL, NULL, '2022-07-19 13:23:59', '2022-07-19 13:23:59'),
(334, NULL, 1, 10, '100000', 0, NULL, NULL, NULL, '2022-07-19 13:23:59', '2022-07-19 13:23:59'),
(335, NULL, 1, 11, '100000', 0, NULL, NULL, NULL, '2022-07-19 13:23:59', '2022-07-19 13:23:59'),
(336, NULL, 1, 12, '100000', 0, NULL, NULL, NULL, '2022-07-19 13:23:59', '2022-07-19 13:23:59'),
(337, NULL, 1, 1, '100000', 0, NULL, NULL, NULL, '2022-07-19 13:23:59', '2022-07-19 13:23:59'),
(338, NULL, 1, 2, '100000', 0, NULL, NULL, NULL, '2022-07-19 13:23:59', '2022-07-19 13:23:59'),
(339, NULL, 1, 3, '100000', 0, NULL, NULL, NULL, '2022-07-19 13:23:59', '2022-07-19 13:23:59'),
(340, NULL, 1, 4, '100000', 0, NULL, NULL, NULL, '2022-07-19 13:23:59', '2022-07-19 13:23:59'),
(341, NULL, 1, 5, '100000', 0, NULL, NULL, NULL, '2022-07-19 13:23:59', '2022-07-19 13:23:59'),
(342, NULL, 1, 6, '100000', 0, NULL, NULL, NULL, '2022-07-19 13:23:59', '2022-07-19 13:23:59'),
(343, NULL, 1, 7, '100000', 0, NULL, NULL, NULL, '2022-07-19 13:23:59', '2022-07-19 13:23:59'),
(344, NULL, 1, 8, '100000', 0, NULL, NULL, NULL, '2022-07-19 13:23:59', '2022-07-19 13:23:59'),
(345, NULL, 1, 9, '100000', 0, NULL, NULL, NULL, '2022-07-19 13:23:59', '2022-07-19 13:23:59'),
(346, NULL, 1, 10, '100000', 0, NULL, NULL, NULL, '2022-07-19 13:23:59', '2022-07-19 13:23:59'),
(347, NULL, 1, 11, '100000', 0, NULL, NULL, NULL, '2022-07-19 13:23:59', '2022-07-19 13:23:59'),
(348, NULL, 1, 12, '100000', 0, NULL, NULL, NULL, '2022-07-19 13:23:59', '2022-07-19 13:23:59'),
(349, NULL, 1, 1, '100000', 0, NULL, NULL, NULL, '2022-07-19 13:23:59', '2022-07-19 13:23:59'),
(350, NULL, 1, 2, '100000', 0, NULL, NULL, NULL, '2022-07-19 13:23:59', '2022-07-19 13:23:59'),
(351, NULL, 1, 3, '100000', 0, NULL, NULL, NULL, '2022-07-19 13:23:59', '2022-07-19 13:23:59'),
(352, NULL, 1, 4, '100000', 0, NULL, NULL, NULL, '2022-07-19 13:23:59', '2022-07-19 13:23:59'),
(353, NULL, 1, 5, '100000', 0, NULL, NULL, NULL, '2022-07-19 13:23:59', '2022-07-19 13:23:59'),
(354, NULL, 1, 6, '100000', 0, NULL, NULL, NULL, '2022-07-19 13:23:59', '2022-07-19 13:23:59'),
(355, NULL, 1, 7, '100000', 0, NULL, NULL, NULL, '2022-07-19 13:23:59', '2022-07-19 13:23:59'),
(356, NULL, 1, 8, '100000', 0, NULL, NULL, NULL, '2022-07-19 13:23:59', '2022-07-19 13:23:59'),
(357, NULL, 1, 9, '100000', 0, NULL, NULL, NULL, '2022-07-19 13:23:59', '2022-07-19 13:23:59'),
(358, NULL, 1, 10, '100000', 0, NULL, NULL, NULL, '2022-07-19 13:23:59', '2022-07-19 13:23:59'),
(359, NULL, 1, 11, '100000', 0, NULL, NULL, NULL, '2022-07-19 13:23:59', '2022-07-19 13:23:59'),
(360, NULL, 1, 12, '100000', 0, NULL, NULL, NULL, '2022-07-19 13:23:59', '2022-07-19 13:23:59'),
(361, NULL, 1, 1, '100000', 0, NULL, NULL, NULL, '2022-07-19 13:23:59', '2022-07-19 13:23:59'),
(362, NULL, 1, 2, '100000', 0, NULL, NULL, NULL, '2022-07-19 13:23:59', '2022-07-19 13:23:59'),
(363, NULL, 1, 3, '100000', 0, NULL, NULL, NULL, '2022-07-19 13:23:59', '2022-07-19 13:23:59'),
(364, NULL, 1, 4, '100000', 0, NULL, NULL, NULL, '2022-07-19 13:23:59', '2022-07-19 13:23:59'),
(365, NULL, 1, 5, '100000', 0, NULL, NULL, NULL, '2022-07-19 13:23:59', '2022-07-19 13:23:59'),
(366, NULL, 1, 6, '100000', 0, NULL, NULL, NULL, '2022-07-19 13:23:59', '2022-07-19 13:23:59'),
(367, NULL, 1, 7, '100000', 0, NULL, NULL, NULL, '2022-07-19 13:23:59', '2022-07-19 13:23:59'),
(368, NULL, 1, 8, '100000', 0, NULL, NULL, NULL, '2022-07-19 13:23:59', '2022-07-19 13:23:59'),
(369, NULL, 1, 9, '100000', 0, NULL, NULL, NULL, '2022-07-19 13:23:59', '2022-07-19 13:23:59'),
(370, NULL, 1, 10, '100000', 0, NULL, NULL, NULL, '2022-07-19 13:23:59', '2022-07-19 13:23:59'),
(371, NULL, 1, 11, '100000', 0, NULL, NULL, NULL, '2022-07-19 13:23:59', '2022-07-19 13:23:59'),
(372, NULL, 1, 12, '100000', 0, NULL, NULL, NULL, '2022-07-19 13:23:59', '2022-07-19 13:23:59'),
(373, NULL, 1, 1, '100000', 0, NULL, NULL, NULL, '2022-07-19 13:23:59', '2022-07-19 13:23:59'),
(374, NULL, 1, 2, '100000', 0, NULL, NULL, NULL, '2022-07-19 13:23:59', '2022-07-19 13:23:59'),
(375, NULL, 1, 3, '100000', 0, NULL, NULL, NULL, '2022-07-19 13:23:59', '2022-07-19 13:23:59'),
(376, NULL, 1, 4, '100000', 0, NULL, NULL, NULL, '2022-07-19 13:23:59', '2022-07-19 13:23:59'),
(377, NULL, 1, 5, '100000', 0, NULL, NULL, NULL, '2022-07-19 13:23:59', '2022-07-19 13:23:59'),
(378, NULL, 1, 6, '100000', 0, NULL, NULL, NULL, '2022-07-19 13:23:59', '2022-07-19 13:23:59'),
(379, NULL, 1, 7, '100000', 0, NULL, NULL, NULL, '2022-07-19 13:23:59', '2022-07-19 13:23:59'),
(380, NULL, 1, 8, '100000', 0, NULL, NULL, NULL, '2022-07-19 13:23:59', '2022-07-19 13:23:59'),
(381, NULL, 1, 9, '100000', 0, NULL, NULL, NULL, '2022-07-19 13:23:59', '2022-07-19 13:23:59'),
(382, NULL, 1, 10, '100000', 0, NULL, NULL, NULL, '2022-07-19 13:23:59', '2022-07-19 13:23:59'),
(383, NULL, 1, 11, '100000', 0, NULL, NULL, NULL, '2022-07-19 13:23:59', '2022-07-19 13:23:59'),
(384, NULL, 1, 12, '100000', 0, NULL, NULL, NULL, '2022-07-19 13:23:59', '2022-07-19 13:23:59'),
(385, NULL, 1, 1, '100000', 0, NULL, NULL, NULL, '2022-07-19 13:23:59', '2022-07-19 13:23:59'),
(386, NULL, 1, 2, '100000', 0, NULL, NULL, NULL, '2022-07-19 13:23:59', '2022-07-19 13:23:59'),
(387, NULL, 1, 3, '100000', 0, NULL, NULL, NULL, '2022-07-19 13:23:59', '2022-07-19 13:23:59'),
(388, NULL, 1, 4, '100000', 0, NULL, NULL, NULL, '2022-07-19 13:23:59', '2022-07-19 13:23:59'),
(389, NULL, 1, 5, '100000', 0, NULL, NULL, NULL, '2022-07-19 13:23:59', '2022-07-19 13:23:59'),
(390, NULL, 1, 6, '100000', 0, NULL, NULL, NULL, '2022-07-19 13:23:59', '2022-07-19 13:23:59'),
(391, NULL, 1, 7, '100000', 0, NULL, NULL, NULL, '2022-07-19 13:23:59', '2022-07-19 13:23:59'),
(392, NULL, 1, 8, '100000', 0, NULL, NULL, NULL, '2022-07-19 13:23:59', '2022-07-19 13:23:59'),
(393, NULL, 1, 9, '100000', 0, NULL, NULL, NULL, '2022-07-19 13:23:59', '2022-07-19 13:23:59'),
(394, NULL, 1, 10, '100000', 0, NULL, NULL, NULL, '2022-07-19 13:23:59', '2022-07-19 13:23:59'),
(395, NULL, 1, 11, '100000', 0, NULL, NULL, NULL, '2022-07-19 13:23:59', '2022-07-19 13:23:59'),
(396, NULL, 1, 12, '100000', 0, NULL, NULL, NULL, '2022-07-19 13:23:59', '2022-07-19 13:23:59'),
(397, NULL, 1, 1, '100000', 0, NULL, NULL, NULL, '2022-07-19 13:23:59', '2022-07-19 13:23:59'),
(398, NULL, 1, 2, '100000', 0, NULL, NULL, NULL, '2022-07-19 13:23:59', '2022-07-19 13:23:59'),
(399, NULL, 1, 3, '100000', 0, NULL, NULL, NULL, '2022-07-19 13:23:59', '2022-07-19 13:23:59'),
(400, NULL, 1, 4, '100000', 0, NULL, NULL, NULL, '2022-07-19 13:23:59', '2022-07-19 13:23:59'),
(401, NULL, 1, 5, '100000', 0, NULL, NULL, NULL, '2022-07-19 13:23:59', '2022-07-19 13:23:59'),
(402, NULL, 1, 6, '100000', 0, NULL, NULL, NULL, '2022-07-19 13:23:59', '2022-07-19 13:23:59'),
(403, NULL, 1, 7, '100000', 0, NULL, NULL, NULL, '2022-07-19 13:23:59', '2022-07-19 13:23:59'),
(404, NULL, 1, 8, '100000', 0, NULL, NULL, NULL, '2022-07-19 13:23:59', '2022-07-19 13:23:59'),
(405, NULL, 1, 9, '100000', 0, NULL, NULL, NULL, '2022-07-19 13:23:59', '2022-07-19 13:23:59'),
(406, NULL, 1, 10, '100000', 0, NULL, NULL, NULL, '2022-07-19 13:23:59', '2022-07-19 13:23:59'),
(407, NULL, 1, 11, '100000', 0, NULL, NULL, NULL, '2022-07-19 13:23:59', '2022-07-19 13:23:59'),
(408, NULL, 1, 12, '100000', 0, NULL, NULL, NULL, '2022-07-19 13:23:59', '2022-07-19 13:23:59'),
(409, NULL, 1, 1, '100000', 0, NULL, NULL, NULL, '2022-07-19 13:23:59', '2022-07-19 13:23:59'),
(410, NULL, 1, 2, '100000', 0, NULL, NULL, NULL, '2022-07-19 13:23:59', '2022-07-19 13:23:59'),
(411, NULL, 1, 3, '100000', 0, NULL, NULL, NULL, '2022-07-19 13:23:59', '2022-07-19 13:23:59'),
(412, NULL, 1, 4, '100000', 0, NULL, NULL, NULL, '2022-07-19 13:23:59', '2022-07-19 13:23:59'),
(413, NULL, 1, 5, '100000', 0, NULL, NULL, NULL, '2022-07-19 13:23:59', '2022-07-19 13:23:59'),
(414, NULL, 1, 6, '100000', 0, NULL, NULL, NULL, '2022-07-19 13:23:59', '2022-07-19 13:23:59'),
(415, NULL, 1, 7, '100000', 0, NULL, NULL, NULL, '2022-07-19 13:23:59', '2022-07-19 13:23:59'),
(416, NULL, 1, 8, '100000', 0, NULL, NULL, NULL, '2022-07-19 13:23:59', '2022-07-19 13:23:59'),
(417, NULL, 1, 9, '100000', 0, NULL, NULL, NULL, '2022-07-19 13:23:59', '2022-07-19 13:23:59'),
(418, NULL, 1, 10, '100000', 0, NULL, NULL, NULL, '2022-07-19 13:23:59', '2022-07-19 13:23:59'),
(419, NULL, 1, 11, '100000', 0, NULL, NULL, NULL, '2022-07-19 13:23:59', '2022-07-19 13:23:59'),
(420, NULL, 1, 12, '100000', 0, NULL, NULL, NULL, '2022-07-19 13:23:59', '2022-07-19 13:23:59'),
(421, NULL, 1, 1, '100000', 0, NULL, NULL, NULL, '2022-07-19 13:23:59', '2022-07-19 13:23:59'),
(422, NULL, 1, 2, '100000', 0, NULL, NULL, NULL, '2022-07-19 13:23:59', '2022-07-19 13:23:59'),
(423, NULL, 1, 3, '100000', 0, NULL, NULL, NULL, '2022-07-19 13:23:59', '2022-07-19 13:23:59'),
(424, NULL, 1, 4, '100000', 0, NULL, NULL, NULL, '2022-07-19 13:23:59', '2022-07-19 13:23:59'),
(425, NULL, 1, 5, '100000', 0, NULL, NULL, NULL, '2022-07-19 13:23:59', '2022-07-19 13:23:59'),
(426, NULL, 1, 6, '100000', 0, NULL, NULL, NULL, '2022-07-19 13:23:59', '2022-07-19 13:23:59'),
(427, NULL, 1, 7, '100000', 0, NULL, NULL, NULL, '2022-07-19 13:23:59', '2022-07-19 13:23:59'),
(428, NULL, 1, 8, '100000', 0, NULL, NULL, NULL, '2022-07-19 13:23:59', '2022-07-19 13:23:59'),
(429, NULL, 1, 9, '100000', 0, NULL, NULL, NULL, '2022-07-19 13:23:59', '2022-07-19 13:23:59'),
(430, NULL, 1, 10, '100000', 0, NULL, NULL, NULL, '2022-07-19 13:23:59', '2022-07-19 13:23:59'),
(431, NULL, 1, 11, '100000', 0, NULL, NULL, NULL, '2022-07-19 13:23:59', '2022-07-19 13:23:59'),
(432, NULL, 1, 12, '100000', 0, NULL, NULL, NULL, '2022-07-19 13:23:59', '2022-07-19 13:23:59'),
(433, NULL, 1, 1, '100000', 0, NULL, NULL, NULL, '2022-07-19 13:23:59', '2022-07-19 13:23:59'),
(434, NULL, 1, 2, '100000', 0, NULL, NULL, NULL, '2022-07-19 13:23:59', '2022-07-19 13:23:59'),
(435, NULL, 1, 3, '100000', 0, NULL, NULL, NULL, '2022-07-19 13:23:59', '2022-07-19 13:23:59'),
(436, NULL, 1, 4, '100000', 0, NULL, NULL, NULL, '2022-07-19 13:23:59', '2022-07-19 13:23:59'),
(437, NULL, 1, 5, '100000', 0, NULL, NULL, NULL, '2022-07-19 13:23:59', '2022-07-19 13:23:59'),
(438, NULL, 1, 6, '100000', 0, NULL, NULL, NULL, '2022-07-19 13:23:59', '2022-07-19 13:23:59'),
(439, NULL, 1, 7, '100000', 0, NULL, NULL, NULL, '2022-07-19 13:23:59', '2022-07-19 13:23:59'),
(440, NULL, 1, 8, '100000', 0, NULL, NULL, NULL, '2022-07-19 13:23:59', '2022-07-19 13:23:59'),
(441, NULL, 1, 9, '100000', 0, NULL, NULL, NULL, '2022-07-19 13:23:59', '2022-07-19 13:23:59'),
(442, NULL, 1, 10, '100000', 0, NULL, NULL, NULL, '2022-07-19 13:23:59', '2022-07-19 13:23:59'),
(443, NULL, 1, 11, '100000', 0, NULL, NULL, NULL, '2022-07-19 13:23:59', '2022-07-19 13:23:59'),
(444, NULL, 1, 12, '100000', 0, NULL, NULL, NULL, '2022-07-19 13:23:59', '2022-07-19 13:23:59'),
(445, NULL, 1, 1, '100000', 0, NULL, NULL, NULL, '2022-07-19 13:23:59', '2022-07-19 13:23:59'),
(446, NULL, 1, 2, '100000', 0, NULL, NULL, NULL, '2022-07-19 13:23:59', '2022-07-19 13:23:59'),
(447, NULL, 1, 3, '100000', 0, NULL, NULL, NULL, '2022-07-19 13:23:59', '2022-07-19 13:23:59'),
(448, NULL, 1, 4, '100000', 0, NULL, NULL, NULL, '2022-07-19 13:23:59', '2022-07-19 13:23:59'),
(449, NULL, 1, 5, '100000', 0, NULL, NULL, NULL, '2022-07-19 13:23:59', '2022-07-19 13:23:59'),
(450, NULL, 1, 6, '100000', 0, NULL, NULL, NULL, '2022-07-19 13:23:59', '2022-07-19 13:23:59'),
(451, NULL, 1, 7, '100000', 0, NULL, NULL, NULL, '2022-07-19 13:23:59', '2022-07-19 13:23:59'),
(452, NULL, 1, 8, '100000', 0, NULL, NULL, NULL, '2022-07-19 13:23:59', '2022-07-19 13:23:59'),
(453, NULL, 1, 9, '100000', 0, NULL, NULL, NULL, '2022-07-19 13:23:59', '2022-07-19 13:23:59'),
(454, NULL, 1, 10, '100000', 0, NULL, NULL, NULL, '2022-07-19 13:23:59', '2022-07-19 13:23:59'),
(455, NULL, 1, 11, '100000', 0, NULL, NULL, NULL, '2022-07-19 13:23:59', '2022-07-19 13:23:59'),
(456, NULL, 1, 12, '100000', 0, NULL, NULL, NULL, '2022-07-19 13:23:59', '2022-07-19 13:23:59'),
(457, NULL, 1, 1, '100000', 0, NULL, NULL, NULL, '2022-07-19 13:23:59', '2022-07-19 13:23:59'),
(458, NULL, 1, 2, '100000', 0, NULL, NULL, NULL, '2022-07-19 13:23:59', '2022-07-19 13:23:59'),
(459, NULL, 1, 3, '100000', 0, NULL, NULL, NULL, '2022-07-19 13:23:59', '2022-07-19 13:23:59'),
(460, NULL, 1, 4, '100000', 0, NULL, NULL, NULL, '2022-07-19 13:23:59', '2022-07-19 13:23:59'),
(461, NULL, 1, 5, '100000', 0, NULL, NULL, NULL, '2022-07-19 13:23:59', '2022-07-19 13:23:59'),
(462, NULL, 1, 6, '100000', 0, NULL, NULL, NULL, '2022-07-19 13:23:59', '2022-07-19 13:23:59'),
(463, NULL, 1, 7, '100000', 0, NULL, NULL, NULL, '2022-07-19 13:23:59', '2022-07-19 13:23:59'),
(464, NULL, 1, 8, '100000', 0, NULL, NULL, NULL, '2022-07-19 13:23:59', '2022-07-19 13:23:59'),
(465, NULL, 1, 9, '100000', 0, NULL, NULL, NULL, '2022-07-19 13:23:59', '2022-07-19 13:23:59'),
(466, NULL, 1, 10, '100000', 0, NULL, NULL, NULL, '2022-07-19 13:23:59', '2022-07-19 13:23:59'),
(467, NULL, 1, 11, '100000', 0, NULL, NULL, NULL, '2022-07-19 13:23:59', '2022-07-19 13:23:59'),
(468, NULL, 1, 12, '100000', 0, NULL, NULL, NULL, '2022-07-19 13:23:59', '2022-07-19 13:23:59'),
(469, 1, 1, 1, '100000', 1, '20230700003', '2023-07-05', 1, '2023-06-26 15:28:13', '2023-07-05 02:42:40'),
(470, 1, 1, 2, '100000', 0, NULL, NULL, NULL, '2023-06-26 15:28:13', '2023-06-26 15:28:13'),
(471, 1, 1, 3, '100000', 0, NULL, NULL, NULL, '2023-06-26 15:28:13', '2023-06-26 15:28:13'),
(472, 1, 1, 4, '100000', 0, NULL, NULL, NULL, '2023-06-26 15:28:13', '2023-06-26 15:28:13'),
(473, 1, 1, 5, '100000', 0, NULL, NULL, NULL, '2023-06-26 15:28:13', '2023-06-26 15:28:13'),
(474, 1, 1, 6, '100000', 0, NULL, NULL, NULL, '2023-06-26 15:28:13', '2023-06-26 15:28:13'),
(475, 1, 1, 7, '100000', 0, NULL, NULL, NULL, '2023-06-26 15:28:13', '2023-06-26 15:28:13'),
(476, 1, 1, 8, '100000', 0, NULL, NULL, NULL, '2023-06-26 15:28:13', '2023-06-26 15:28:13'),
(477, 1, 1, 9, '100000', 0, NULL, NULL, NULL, '2023-06-26 15:28:13', '2023-06-26 15:28:13'),
(478, 1, 1, 10, '100000', 0, NULL, NULL, NULL, '2023-06-26 15:28:13', '2023-06-26 15:28:13'),
(479, 1, 1, 11, '100000', 0, NULL, NULL, NULL, '2023-06-26 15:28:13', '2023-06-26 15:28:13'),
(480, 1, 1, 12, '100000', 0, NULL, NULL, NULL, '2023-06-26 15:28:13', '2023-06-26 15:28:13'),
(481, 2, 1, 1, '100000', 1, '20230700004', '2023-07-12', 1, '2023-07-06 23:14:41', '2023-07-11 13:02:56'),
(482, 2, 1, 2, '100000', 0, NULL, NULL, NULL, '2023-07-06 23:14:41', '2023-07-06 23:14:41'),
(483, 2, 1, 3, '100000', 0, NULL, NULL, NULL, '2023-07-06 23:14:41', '2023-07-06 23:14:41'),
(484, 2, 1, 4, '100000', 0, NULL, NULL, NULL, '2023-07-06 23:14:41', '2023-07-06 23:14:41'),
(485, 2, 1, 5, '100000', 0, NULL, NULL, NULL, '2023-07-06 23:14:41', '2023-07-06 23:14:41'),
(486, 2, 1, 6, '100000', 0, NULL, NULL, NULL, '2023-07-06 23:14:41', '2023-07-06 23:14:41'),
(487, 2, 1, 7, '100000', 0, NULL, NULL, NULL, '2023-07-06 23:14:41', '2023-07-06 23:14:41'),
(488, 2, 1, 8, '100000', 0, NULL, NULL, NULL, '2023-07-06 23:14:41', '2023-07-06 23:14:41'),
(489, 2, 1, 9, '100000', 0, NULL, NULL, NULL, '2023-07-06 23:14:41', '2023-07-06 23:14:41'),
(490, 2, 1, 10, '100000', 0, NULL, NULL, NULL, '2023-07-06 23:14:41', '2023-07-06 23:14:41'),
(491, 2, 1, 11, '100000', 0, NULL, NULL, NULL, '2023-07-06 23:14:41', '2023-07-06 23:14:41'),
(492, 2, 1, 12, '100000', 0, NULL, NULL, NULL, '2023-07-06 23:14:41', '2023-07-06 23:14:41'),
(493, 3, 1, 1, '150000', 0, '20230700005', '2023-07-25', 1, '2023-07-24 12:16:17', '2023-08-15 15:45:14'),
(494, 3, 1, 2, '150000', 1, '20230800009', '2023-08-16', 1, '2023-07-24 12:16:17', '2023-08-15 16:12:51'),
(495, 3, 1, 3, '150000', 1, '20230800007', '2023-08-16', 1, '2023-07-24 12:16:17', '2023-08-15 16:03:04'),
(496, 3, 1, 4, '150000', 1, '20230800008', '2023-08-16', 1, '2023-07-24 12:16:17', '2023-08-15 16:08:57'),
(497, 3, 1, 5, '150000', 0, NULL, NULL, NULL, '2023-07-24 12:16:17', '2023-07-24 12:16:17'),
(498, 3, 1, 6, '150000', 0, NULL, NULL, NULL, '2023-07-24 12:16:17', '2023-07-24 12:16:17'),
(499, 3, 1, 7, '150000', 0, NULL, NULL, NULL, '2023-07-24 12:16:17', '2023-07-24 12:16:17'),
(500, 3, 1, 8, '150000', 0, NULL, NULL, NULL, '2023-07-24 12:16:17', '2023-07-24 12:16:17'),
(501, 3, 1, 9, '150000', 0, NULL, NULL, NULL, '2023-07-24 12:16:17', '2023-07-24 12:16:17'),
(502, 3, 1, 10, '150000', 0, NULL, NULL, NULL, '2023-07-24 12:16:17', '2023-07-24 12:16:17'),
(503, 3, 1, 11, '150000', 0, NULL, NULL, NULL, '2023-07-24 12:16:17', '2023-07-24 12:16:17'),
(504, 3, 1, 12, '150000', 0, NULL, NULL, NULL, '2023-07-24 12:16:17', '2023-07-24 12:16:17');

-- --------------------------------------------------------

--
-- Struktur dari tabel `ci_sessions`
--

CREATE TABLE `ci_sessions` (
  `id` varchar(40) NOT NULL,
  `ip_address` varchar(45) NOT NULL,
  `timestamp` int(10) UNSIGNED NOT NULL DEFAULT '0',
  `data` blob NOT NULL
) ENGINE=InnoDB DEFAULT CHARSET=utf8;

-- --------------------------------------------------------

--
-- Struktur dari tabel `class`
--

CREATE TABLE `class` (
  `class_id` int(11) NOT NULL,
  `class_name` varchar(45) DEFAULT NULL
) ENGINE=InnoDB DEFAULT CHARSET=latin1;

--
-- Dumping data untuk tabel `class`
--

INSERT INTO `class` (`class_id`, `class_name`) VALUES
(1, 'Mubtadi'),
(2, 'Amtsilati'),
(3, 'Pasca Amtsilati'),
(4, 'Bahasa Arab'),
(5, 'Bahasa Ingris'),
(6, 'Tahfidz');

-- --------------------------------------------------------

--
-- Struktur dari tabel `debit`
--

CREATE TABLE `debit` (
  `debit_id` int(11) NOT NULL,
  `debit_date` date DEFAULT NULL,
  `debit_desc` varchar(100) DEFAULT NULL,
  `debit_value` decimal(10,0) DEFAULT NULL,
  `user_user_id` int(11) DEFAULT NULL,
  `debit_input_date` timestamp NULL DEFAULT NULL,
  `debit_last_update` timestamp NULL DEFAULT NULL
) ENGINE=InnoDB DEFAULT CHARSET=latin1;

-- --------------------------------------------------------

--
-- Struktur dari tabel `holiday`
--

CREATE TABLE `holiday` (
  `id` int(11) NOT NULL,
  `year` year(4) DEFAULT NULL,
  `date` date DEFAULT NULL,
  `info` varchar(255) DEFAULT NULL
) ENGINE=InnoDB DEFAULT CHARSET=latin1;

--
-- Dumping data untuk tabel `holiday`
--

INSERT INTO `holiday` (`id`, `year`, `date`, `info`) VALUES
(1, 2023, '2023-08-16', 'Sidang Skripsi');

-- --------------------------------------------------------

--
-- Struktur dari tabel `information`
--

CREATE TABLE `information` (
  `information_id` int(11) NOT NULL,
  `information_title` varchar(100) DEFAULT NULL,
  `information_desc` text,
  `information_img` varchar(255) DEFAULT NULL,
  `information_publish` tinyint(1) DEFAULT '0',
  `user_user_id` int(11) DEFAULT NULL,
  `information_input_date` timestamp NULL DEFAULT NULL,
  `information_last_update` timestamp NULL DEFAULT NULL
) ENGINE=InnoDB DEFAULT CHARSET=latin1;

--
-- Dumping data untuk tabel `information`
--

INSERT INTO `information` (`information_id`, `information_title`, `information_desc`, `information_img`, `information_publish`, `user_user_id`, `information_input_date`, `information_last_update`) VALUES
(1, 'Informasi Pembayaran Uang Administrasi Pesantren', '<p>Diinformasikan kepada wali santri untuk pembayaran uang syahriah terakhir pada tanggal 30 Juli 3023</p>', NULL, 1, 1, '2023-07-05 02:36:27', '2023-07-05 02:37:03');

-- --------------------------------------------------------

--
-- Struktur dari tabel `kredit`
--

CREATE TABLE `kredit` (
  `kredit_id` int(11) NOT NULL,
  `kredit_date` date DEFAULT NULL,
  `kredit_desc` varchar(100) DEFAULT NULL,
  `kredit_value` decimal(10,0) DEFAULT NULL,
  `user_user_id` int(11) DEFAULT NULL,
  `kredit_input_date` timestamp NULL DEFAULT NULL,
  `kredit_last_update` timestamp NULL DEFAULT NULL
) ENGINE=InnoDB DEFAULT CHARSET=latin1;

-- --------------------------------------------------------

--
-- Struktur dari tabel `letter`
--

CREATE TABLE `letter` (
  `letter_id` int(11) NOT NULL,
  `letter_number` varchar(100) DEFAULT NULL,
  `letter_month` int(11) DEFAULT NULL,
  `letter_year` year(4) DEFAULT NULL
) ENGINE=InnoDB DEFAULT CHARSET=latin1;

--
-- Dumping data untuk tabel `letter`
--

INSERT INTO `letter` (`letter_id`, `letter_number`, `letter_month`, `letter_year`) VALUES
(1, '00001', 7, 2022),
(2, '00002', 7, 2022),
(3, '00003', 7, 2022),
(4, '00004', 7, 2022),
(5, '00001', 7, 2023),
(6, '00002', 7, 2023),
(7, '00003', 7, 2023),
(8, '00004', 7, 2023),
(9, '00005', 7, 2023),
(10, '00006', 8, 2023),
(11, '00007', 8, 2023),
(12, '00008', 8, 2023),
(13, '00009', 8, 2023);

-- --------------------------------------------------------

--
-- Struktur dari tabel `logs`
--

CREATE TABLE `logs` (
  `log_id` int(11) NOT NULL,
  `log_date` timestamp NULL DEFAULT NULL,
  `log_action` varchar(45) DEFAULT NULL,
  `log_module` varchar(45) DEFAULT NULL,
  `log_info` text,
  `user_id` int(11) DEFAULT NULL
) ENGINE=InnoDB DEFAULT CHARSET=latin1;

--
-- Dumping data untuk tabel `logs`
--

INSERT INTO `logs` (`log_id`, `log_date`, `log_action`, `log_module`, `log_info`, `user_id`) VALUES
(1, '2023-07-05 02:36:27', 'Tambah', 'Pengeluaran', 'ID:null;Title:<p>Diinformasikan kepada wali santri untuk pembayaran uang syahriah terakhir pada tanggal 30 Juli 3023</p>', NULL),
(2, '2023-07-05 02:37:03', 'Sunting', 'Pengeluaran', 'ID:null;Title:<p>Diinformasikan kepada wali santri untuk pembayaran uang syahriah terakhir pada tanggal 30 Juli 3023</p>', NULL),
(3, '2023-07-05 03:40:32', 'Sunting', 'Jenis Pembayaran', 'ID:null;Title:', NULL),
(4, '2023-07-05 20:32:20', 'Hapus', 'user', 'ID:2;Title:Nia', 1),
(5, '2023-07-06 23:05:59', 'Sunting', 'Student', 'ID:1;Name:Subaidi', 1),
(6, '2023-07-06 23:06:28', 'Sunting', 'Student', 'ID:1;Name:Subaidi', 1),
(7, '2023-07-20 16:10:59', 'Sunting', 'Pos Bayar', 'ID:null;Title:spp', NULL),
(8, '2023-07-24 12:24:13', 'Sunting', 'Student', 'ID:2;Name:JAMALUDDIN', 1),
(9, '2023-08-15 16:14:08', 'Tambah', 'Jenis Pembayaran', 'ID:null;Title:', NULL),
(10, '2023-08-15 16:33:43', 'Tambah', 'Student', 'ID:4;Name:123', 1),
(11, '2023-08-19 15:20:20', 'Sunting', 'Student', 'ID:4;Name:123', 1),
(12, '2023-08-19 15:20:31', 'Hapus', 'user', 'ID:;Title:', 1);

-- --------------------------------------------------------

--
-- Struktur dari tabel `log_trx`
--

CREATE TABLE `log_trx` (
  `log_trx_id` int(11) NOT NULL,
  `student_student_id` int(11) DEFAULT NULL,
  `bulan_bulan_id` int(11) DEFAULT NULL,
  `bebas_pay_bebas_pay_id` int(11) DEFAULT NULL,
  `log_trx_input_date` timestamp NULL DEFAULT NULL,
  `log_trx_last_update` timestamp NULL DEFAULT NULL
) ENGINE=InnoDB DEFAULT CHARSET=latin1;

--
-- Dumping data untuk tabel `log_trx`
--

INSERT INTO `log_trx` (`log_trx_id`, `student_student_id`, `bulan_bulan_id`, `bebas_pay_bebas_pay_id`, `log_trx_input_date`, `log_trx_last_update`) VALUES
(1, NULL, 1, NULL, '2022-07-02 04:59:42', '2022-07-02 04:59:42'),
(2, NULL, 13, NULL, '2022-07-19 13:24:44', '2022-07-19 13:24:44'),
(3, NULL, 37, NULL, '2022-07-19 13:42:39', '2022-07-19 13:42:39'),
(4, NULL, 14, NULL, '2022-07-20 06:57:50', '2022-07-20 06:57:50'),
(7, 1, 469, NULL, '2023-07-05 02:42:40', '2023-07-05 02:42:40'),
(8, 2, 481, NULL, '2023-07-11 13:02:56', '2023-07-11 13:02:56'),
(11, 3, 495, NULL, '2023-08-15 16:03:04', '2023-08-15 16:03:04'),
(12, 3, 496, NULL, '2023-08-15 16:08:57', '2023-08-15 16:08:57'),
(13, 3, 494, NULL, '2023-08-15 16:12:51', '2023-08-15 16:12:51');

-- --------------------------------------------------------

--
-- Struktur dari tabel `majors`
--

CREATE TABLE `majors` (
  `majors_id` int(11) NOT NULL,
  `majors_name` varchar(100) DEFAULT NULL,
  `majors_short_name` varchar(45) DEFAULT NULL
) ENGINE=InnoDB DEFAULT CHARSET=latin1;

-- --------------------------------------------------------

--
-- Struktur dari tabel `month`
--

CREATE TABLE `month` (
  `month_id` int(11) NOT NULL,
  `month_name` varchar(45) DEFAULT NULL
) ENGINE=InnoDB DEFAULT CHARSET=latin1;

--
-- Dumping data untuk tabel `month`
--

INSERT INTO `month` (`month_id`, `month_name`) VALUES
(1, 'Juli'),
(2, 'Agustus'),
(3, 'September'),
(4, 'Oktober'),
(5, 'November'),
(6, 'Desember'),
(7, 'Januari'),
(8, 'Februari'),
(9, 'Maret'),
(10, 'April'),
(11, 'Mei'),
(12, 'Juni');

-- --------------------------------------------------------

--
-- Struktur dari tabel `payment`
--

CREATE TABLE `payment` (
  `payment_id` int(11) NOT NULL,
  `payment_type` enum('BEBAS','BULAN') DEFAULT NULL,
  `period_period_id` int(11) DEFAULT NULL,
  `pos_pos_id` int(11) DEFAULT NULL,
  `payment_input_date` timestamp NULL DEFAULT NULL,
  `payment_last_update` timestamp NULL DEFAULT NULL
) ENGINE=InnoDB DEFAULT CHARSET=latin1;

--
-- Dumping data untuk tabel `payment`
--

INSERT INTO `payment` (`payment_id`, `payment_type`, `period_period_id`, `pos_pos_id`, `payment_input_date`, `payment_last_update`) VALUES
(1, 'BULAN', 2, 1, '2022-07-02 04:44:57', '2023-07-05 03:40:32'),
(2, 'BEBAS', 2, 2, '2023-08-15 16:14:08', '2023-08-15 16:14:08');

-- --------------------------------------------------------

--
-- Struktur dari tabel `period`
--

CREATE TABLE `period` (
  `period_id` int(11) NOT NULL,
  `period_start` year(4) DEFAULT NULL,
  `period_end` year(4) DEFAULT NULL,
  `period_status` tinyint(1) DEFAULT '0'
) ENGINE=InnoDB DEFAULT CHARSET=latin1;

--
-- Dumping data untuk tabel `period`
--

INSERT INTO `period` (`period_id`, `period_start`, `period_end`, `period_status`) VALUES
(2, 2022, 2023, 1);

-- --------------------------------------------------------

--
-- Struktur dari tabel `pos`
--

CREATE TABLE `pos` (
  `pos_id` int(11) NOT NULL,
  `pos_name` varchar(100) DEFAULT NULL,
  `pos_description` varchar(100) DEFAULT NULL
) ENGINE=InnoDB DEFAULT CHARSET=latin1;

--
-- Dumping data untuk tabel `pos`
--

INSERT INTO `pos` (`pos_id`, `pos_name`, `pos_description`) VALUES
(1, 'spp', 'sumbangan pendidikan'),
(2, 'buku', 'Biaya Buku');

-- --------------------------------------------------------

--
-- Struktur dari tabel `setting`
--

CREATE TABLE `setting` (
  `setting_id` int(11) NOT NULL,
  `setting_name` varchar(255) DEFAULT NULL,
  `setting_value` text,
  `setting_last_update` timestamp NULL DEFAULT NULL
) ENGINE=InnoDB DEFAULT CHARSET=latin1;

--
-- Dumping data untuk tabel `setting`
--

INSERT INTO `setting` (`setting_id`, `setting_name`, `setting_value`, `setting_last_update`) VALUES
(1, 'setting_school', 'Pondok Pesantren Sumber Baru Al-Falah', '2022-07-02 04:00:43'),
(2, 'setting_address', 'Dusun toroy desa Dempo Barat, Kec. Pasean, Kabupaten Pamekasan, Jawa Timur 69356', '2022-07-02 04:00:43'),
(3, 'setting_phone', '085236667220', '2022-07-02 04:00:43'),
(4, 'setting_district', 'Pasean', '2022-07-02 04:00:43'),
(5, 'setting_city', 'Pamekasan', '2022-07-02 04:00:43'),
(6, 'setting_logo', 'Sumber_Baru_Al-Falah2.png', '2022-07-02 04:00:43'),
(7, 'setting_level', 'primary', '2022-07-02 04:00:43'),
(8, 'setting_user_sms', 'admin@admin.com', '2022-07-02 04:00:43'),
(9, 'setting_pass_sms', 'admin', '2022-07-02 04:00:43'),
(10, 'setting_sms', 'Y', '2022-07-02 04:00:43');

-- --------------------------------------------------------

--
-- Struktur dari tabel `student`
--

CREATE TABLE `student` (
  `student_id` int(11) NOT NULL,
  `student_nis` varchar(45) DEFAULT NULL,
  `student_nisn` varchar(45) DEFAULT NULL,
  `student_password` varchar(100) DEFAULT NULL,
  `student_full_name` varchar(255) DEFAULT NULL,
  `student_gender` enum('L','P') DEFAULT NULL,
  `student_born_place` varchar(45) DEFAULT NULL,
  `student_born_date` date DEFAULT NULL,
  `student_img` varchar(255) DEFAULT NULL,
  `student_phone` varchar(45) DEFAULT NULL,
  `student_hobby` varchar(100) DEFAULT NULL,
  `student_address` text,
  `student_name_of_mother` varchar(255) DEFAULT NULL,
  `student_name_of_father` varchar(255) DEFAULT NULL,
  `student_parent_phone` varchar(45) DEFAULT NULL,
  `class_class_id` int(11) DEFAULT NULL,
  `majors_majors_id` int(11) DEFAULT NULL,
  `student_status` tinyint(1) DEFAULT '1',
  `student_input_date` timestamp NULL DEFAULT NULL,
  `student_last_update` timestamp NULL DEFAULT NULL
) ENGINE=InnoDB DEFAULT CHARSET=latin1;

--
-- Dumping data untuk tabel `student`
--

INSERT INTO `student` (`student_id`, `student_nis`, `student_nisn`, `student_password`, `student_full_name`, `student_gender`, `student_born_place`, `student_born_date`, `student_img`, `student_phone`, `student_hobby`, `student_address`, `student_name_of_mother`, `student_name_of_father`, `student_parent_phone`, `class_class_id`, `majors_majors_id`, `student_status`, `student_input_date`, `student_last_update`) VALUES
(1, '0001', '847827489276826', '597409591809fdf9202fde522c87cdbf1fd62fff', 'Subaidi', 'L', 'pamekasan', '2001-07-09', NULL, '085555555555', '', 'Dempo Barat', 'sofia', 'imam', '085335736439', 1, NULL, 1, '2023-06-26 15:10:42', '2023-07-20 18:55:07'),
(2, '0002', '12096398', '7af64bbcedee9218c8e812fc303ec8991b3a58ca', 'JAMALUDDIN', 'L', 'Pamekasan', '2000-07-09', NULL, '0816299081', 'Menyanyi', 'Sana Tengah', 'kartini', 'sudirman', '0816299081', 1, NULL, 1, '2023-07-06 23:03:35', '2023-07-24 12:24:13'),
(3, '0003', '12096383', '7af64bbcedee9218c8e812fc303ec8991b3a58ca', 'KAMILUDDIN', 'L', 'Pamekasan', '2000-07-09', NULL, '0816299081', '', 'Sana Tengah', 'suhita', 'iman', '0816299081', 2, NULL, 1, '2023-07-11 13:13:31', '2023-07-11 13:13:31');

-- --------------------------------------------------------

--
-- Struktur dari tabel `users`
--

CREATE TABLE `users` (
  `user_id` int(11) NOT NULL,
  `user_email` varchar(45) DEFAULT NULL,
  `user_password` varchar(45) DEFAULT NULL,
  `user_full_name` varchar(255) DEFAULT NULL,
  `user_image` varchar(255) DEFAULT NULL,
  `user_description` text,
  `user_role_role_id` int(11) DEFAULT NULL,
  `user_is_deleted` tinyint(1) DEFAULT '0',
  `user_input_date` timestamp NULL DEFAULT NULL,
  `user_last_update` timestamp NULL DEFAULT CURRENT_TIMESTAMP ON UPDATE CURRENT_TIMESTAMP
) ENGINE=InnoDB DEFAULT CHARSET=utf8;

--
-- Dumping data untuk tabel `users`
--

INSERT INTO `users` (`user_id`, `user_email`, `user_password`, `user_full_name`, `user_image`, `user_description`, `user_role_role_id`, `user_is_deleted`, `user_input_date`, `user_last_update`) VALUES
(1, 'admin@admin.com', 'd033e22ae348aeb5660fc2140aec35850c4da997', 'Moh Imran', 'Moh_Imran.jpg', 'Administrator', 1, 0, '2018-01-16 03:19:33', '2022-08-05 01:12:51');

-- --------------------------------------------------------

--
-- Struktur dari tabel `user_roles`
--

CREATE TABLE `user_roles` (
  `role_id` int(11) NOT NULL,
  `role_name` varchar(100) DEFAULT NULL
) ENGINE=InnoDB DEFAULT CHARSET=latin1;

--
-- Dumping data untuk tabel `user_roles`
--

INSERT INTO `user_roles` (`role_id`, `role_name`) VALUES
(1, 'SUPERUSER'),
(2, 'USER');

--
-- Indexes for dumped tables
--

--
-- Indeks untuk tabel `bebas`
--
ALTER TABLE `bebas`
  ADD PRIMARY KEY (`bebas_id`),
  ADD KEY `fk_bebas_payment1_idx` (`payment_payment_id`),
  ADD KEY `fk_bebas_student1_idx` (`student_student_id`);

--
-- Indeks untuk tabel `bebas_pay`
--
ALTER TABLE `bebas_pay`
  ADD PRIMARY KEY (`bebas_pay_id`),
  ADD KEY `fk_bebas_pay_bebas1_idx` (`bebas_bebas_id`),
  ADD KEY `fk_bebas_pay_users1_idx` (`user_user_id`);

--
-- Indeks untuk tabel `bulan`
--
ALTER TABLE `bulan`
  ADD PRIMARY KEY (`bulan_id`),
  ADD KEY `fk_bulan_payment1_idx` (`payment_payment_id`),
  ADD KEY `fk_bulan_month1_idx` (`month_month_id`),
  ADD KEY `fk_bulan_student1_idx` (`student_student_id`),
  ADD KEY `fk_bulan_users1_idx` (`user_user_id`);

--
-- Indeks untuk tabel `ci_sessions`
--
ALTER TABLE `ci_sessions`
  ADD PRIMARY KEY (`id`),
  ADD KEY `ci_sessions_timestamp` (`timestamp`);

--
-- Indeks untuk tabel `class`
--
ALTER TABLE `class`
  ADD PRIMARY KEY (`class_id`);

--
-- Indeks untuk tabel `debit`
--
ALTER TABLE `debit`
  ADD PRIMARY KEY (`debit_id`),
  ADD KEY `fk_jurnal_debit_users1_idx` (`user_user_id`);

--
-- Indeks untuk tabel `holiday`
--
ALTER TABLE `holiday`
  ADD PRIMARY KEY (`id`);

--
-- Indeks untuk tabel `information`
--
ALTER TABLE `information`
  ADD PRIMARY KEY (`information_id`),
  ADD KEY `fk_information_users1_idx` (`user_user_id`);

--
-- Indeks untuk tabel `kredit`
--
ALTER TABLE `kredit`
  ADD PRIMARY KEY (`kredit_id`),
  ADD KEY `fk_jurnal_kredit_users1_idx` (`user_user_id`);

--
-- Indeks untuk tabel `letter`
--
ALTER TABLE `letter`
  ADD PRIMARY KEY (`letter_id`);

--
-- Indeks untuk tabel `logs`
--
ALTER TABLE `logs`
  ADD PRIMARY KEY (`log_id`),
  ADD KEY `fk_g_activity_log_g_user1_idx` (`user_id`);

--
-- Indeks untuk tabel `log_trx`
--
ALTER TABLE `log_trx`
  ADD PRIMARY KEY (`log_trx_id`),
  ADD KEY `fk_log_trx_bebas_pay1_idx` (`bebas_pay_bebas_pay_id`),
  ADD KEY `fk_log_trx_bulan1_idx` (`bulan_bulan_id`),
  ADD KEY `fk_log_trx_student1_idx` (`student_student_id`);

--
-- Indeks untuk tabel `majors`
--
ALTER TABLE `majors`
  ADD PRIMARY KEY (`majors_id`);

--
-- Indeks untuk tabel `month`
--
ALTER TABLE `month`
  ADD PRIMARY KEY (`month_id`);

--
-- Indeks untuk tabel `payment`
--
ALTER TABLE `payment`
  ADD PRIMARY KEY (`payment_id`),
  ADD KEY `fk_payment_pos1_idx` (`pos_pos_id`),
  ADD KEY `fk_payment_period1_idx` (`period_period_id`);

--
-- Indeks untuk tabel `period`
--
ALTER TABLE `period`
  ADD PRIMARY KEY (`period_id`);

--
-- Indeks untuk tabel `pos`
--
ALTER TABLE `pos`
  ADD PRIMARY KEY (`pos_id`);

--
-- Indeks untuk tabel `setting`
--
ALTER TABLE `setting`
  ADD PRIMARY KEY (`setting_id`);

--
-- Indeks untuk tabel `student`
--
ALTER TABLE `student`
  ADD PRIMARY KEY (`student_id`),
  ADD KEY `fk_student_class1_idx` (`class_class_id`),
  ADD KEY `fk_student_majors1_idx` (`majors_majors_id`);

--
-- Indeks untuk tabel `users`
--
ALTER TABLE `users`
  ADD PRIMARY KEY (`user_id`),
  ADD KEY `fk_user_user_role1_idx` (`user_role_role_id`);

--
-- Indeks untuk tabel `user_roles`
--
ALTER TABLE `user_roles`
  ADD PRIMARY KEY (`role_id`);

--
-- AUTO_INCREMENT untuk tabel yang dibuang
--

--
-- AUTO_INCREMENT untuk tabel `bebas`
--
ALTER TABLE `bebas`
  MODIFY `bebas_id` int(11) NOT NULL AUTO_INCREMENT, AUTO_INCREMENT=3;

--
-- AUTO_INCREMENT untuk tabel `bebas_pay`
--
ALTER TABLE `bebas_pay`
  MODIFY `bebas_pay_id` int(11) NOT NULL AUTO_INCREMENT;

--
-- AUTO_INCREMENT untuk tabel `bulan`
--
ALTER TABLE `bulan`
  MODIFY `bulan_id` int(11) NOT NULL AUTO_INCREMENT, AUTO_INCREMENT=505;

--
-- AUTO_INCREMENT untuk tabel `class`
--
ALTER TABLE `class`
  MODIFY `class_id` int(11) NOT NULL AUTO_INCREMENT, AUTO_INCREMENT=7;

--
-- AUTO_INCREMENT untuk tabel `debit`
--
ALTER TABLE `debit`
  MODIFY `debit_id` int(11) NOT NULL AUTO_INCREMENT;

--
-- AUTO_INCREMENT untuk tabel `holiday`
--
ALTER TABLE `holiday`
  MODIFY `id` int(11) NOT NULL AUTO_INCREMENT, AUTO_INCREMENT=2;

--
-- AUTO_INCREMENT untuk tabel `information`
--
ALTER TABLE `information`
  MODIFY `information_id` int(11) NOT NULL AUTO_INCREMENT, AUTO_INCREMENT=2;

--
-- AUTO_INCREMENT untuk tabel `kredit`
--
ALTER TABLE `kredit`
  MODIFY `kredit_id` int(11) NOT NULL AUTO_INCREMENT;

--
-- AUTO_INCREMENT untuk tabel `letter`
--
ALTER TABLE `letter`
  MODIFY `letter_id` int(11) NOT NULL AUTO_INCREMENT, AUTO_INCREMENT=14;

--
-- AUTO_INCREMENT untuk tabel `logs`
--
ALTER TABLE `logs`
  MODIFY `log_id` int(11) NOT NULL AUTO_INCREMENT, AUTO_INCREMENT=13;

--
-- AUTO_INCREMENT untuk tabel `log_trx`
--
ALTER TABLE `log_trx`
  MODIFY `log_trx_id` int(11) NOT NULL AUTO_INCREMENT, AUTO_INCREMENT=14;

--
-- AUTO_INCREMENT untuk tabel `majors`
--
ALTER TABLE `majors`
  MODIFY `majors_id` int(11) NOT NULL AUTO_INCREMENT;

--
-- AUTO_INCREMENT untuk tabel `month`
--
ALTER TABLE `month`
  MODIFY `month_id` int(11) NOT NULL AUTO_INCREMENT, AUTO_INCREMENT=13;

--
-- AUTO_INCREMENT untuk tabel `payment`
--
ALTER TABLE `payment`
  MODIFY `payment_id` int(11) NOT NULL AUTO_INCREMENT, AUTO_INCREMENT=3;

--
-- AUTO_INCREMENT untuk tabel `period`
--
ALTER TABLE `period`
  MODIFY `period_id` int(11) NOT NULL AUTO_INCREMENT, AUTO_INCREMENT=3;

--
-- AUTO_INCREMENT untuk tabel `pos`
--
ALTER TABLE `pos`
  MODIFY `pos_id` int(11) NOT NULL AUTO_INCREMENT, AUTO_INCREMENT=3;

--
-- AUTO_INCREMENT untuk tabel `setting`
--
ALTER TABLE `setting`
  MODIFY `setting_id` int(11) NOT NULL AUTO_INCREMENT, AUTO_INCREMENT=11;

--
-- AUTO_INCREMENT untuk tabel `student`
--
ALTER TABLE `student`
  MODIFY `student_id` int(11) NOT NULL AUTO_INCREMENT, AUTO_INCREMENT=4;

--
-- AUTO_INCREMENT untuk tabel `users`
--
ALTER TABLE `users`
  MODIFY `user_id` int(11) NOT NULL AUTO_INCREMENT, AUTO_INCREMENT=2;

--
-- AUTO_INCREMENT untuk tabel `user_roles`
--
ALTER TABLE `user_roles`
  MODIFY `role_id` int(11) NOT NULL AUTO_INCREMENT, AUTO_INCREMENT=3;

--
-- Ketidakleluasaan untuk tabel pelimpahan (Dumped Tables)
--

--
-- Ketidakleluasaan untuk tabel `bebas`
--
ALTER TABLE `bebas`
  ADD CONSTRAINT `fk_bebas_payment1` FOREIGN KEY (`payment_payment_id`) REFERENCES `payment` (`payment_id`) ON DELETE SET NULL ON UPDATE SET NULL,
  ADD CONSTRAINT `fk_bebas_student1` FOREIGN KEY (`student_student_id`) REFERENCES `student` (`student_id`) ON DELETE SET NULL ON UPDATE SET NULL;

--
-- Ketidakleluasaan untuk tabel `bebas_pay`
--
ALTER TABLE `bebas_pay`
  ADD CONSTRAINT `fk_bebas_pay_bebas1` FOREIGN KEY (`bebas_bebas_id`) REFERENCES `bebas` (`bebas_id`) ON DELETE SET NULL ON UPDATE SET NULL,
  ADD CONSTRAINT `fk_bebas_pay_users1` FOREIGN KEY (`user_user_id`) REFERENCES `users` (`user_id`) ON DELETE SET NULL ON UPDATE SET NULL;

--
-- Ketidakleluasaan untuk tabel `bulan`
--
ALTER TABLE `bulan`
  ADD CONSTRAINT `fk_bulan_month1` FOREIGN KEY (`month_month_id`) REFERENCES `month` (`month_id`) ON DELETE NO ACTION ON UPDATE NO ACTION,
  ADD CONSTRAINT `fk_bulan_payment1` FOREIGN KEY (`payment_payment_id`) REFERENCES `payment` (`payment_id`) ON DELETE SET NULL ON UPDATE SET NULL,
  ADD CONSTRAINT `fk_bulan_student1` FOREIGN KEY (`student_student_id`) REFERENCES `student` (`student_id`) ON DELETE SET NULL ON UPDATE SET NULL,
  ADD CONSTRAINT `fk_bulan_users1` FOREIGN KEY (`user_user_id`) REFERENCES `users` (`user_id`) ON DELETE SET NULL ON UPDATE SET NULL;

--
-- Ketidakleluasaan untuk tabel `debit`
--
ALTER TABLE `debit`
  ADD CONSTRAINT `fk_jurnal_debit_users1` FOREIGN KEY (`user_user_id`) REFERENCES `users` (`user_id`) ON DELETE SET NULL ON UPDATE SET NULL;

--
-- Ketidakleluasaan untuk tabel `information`
--
ALTER TABLE `information`
  ADD CONSTRAINT `fk_information_users1` FOREIGN KEY (`user_user_id`) REFERENCES `users` (`user_id`) ON DELETE SET NULL ON UPDATE SET NULL;

--
-- Ketidakleluasaan untuk tabel `kredit`
--
ALTER TABLE `kredit`
  ADD CONSTRAINT `fk_jurnal_kredit_users1` FOREIGN KEY (`user_user_id`) REFERENCES `users` (`user_id`) ON DELETE SET NULL ON UPDATE SET NULL;

--
-- Ketidakleluasaan untuk tabel `logs`
--
ALTER TABLE `logs`
  ADD CONSTRAINT `fk_g_activity_log_g_user1` FOREIGN KEY (`user_id`) REFERENCES `users` (`user_id`) ON DELETE SET NULL ON UPDATE SET NULL;

--
-- Ketidakleluasaan untuk tabel `log_trx`
--
ALTER TABLE `log_trx`
  ADD CONSTRAINT `fk_log_trx_bebas_pay1` FOREIGN KEY (`bebas_pay_bebas_pay_id`) REFERENCES `bebas_pay` (`bebas_pay_id`) ON DELETE SET NULL ON UPDATE SET NULL,
  ADD CONSTRAINT `fk_log_trx_bulan1` FOREIGN KEY (`bulan_bulan_id`) REFERENCES `bulan` (`bulan_id`) ON DELETE SET NULL ON UPDATE SET NULL,
  ADD CONSTRAINT `fk_log_trx_student1` FOREIGN KEY (`student_student_id`) REFERENCES `student` (`student_id`) ON DELETE SET NULL ON UPDATE SET NULL;

--
-- Ketidakleluasaan untuk tabel `payment`
--
ALTER TABLE `payment`
  ADD CONSTRAINT `fk_payment_period1` FOREIGN KEY (`period_period_id`) REFERENCES `period` (`period_id`) ON DELETE SET NULL ON UPDATE SET NULL,
  ADD CONSTRAINT `fk_payment_pos1` FOREIGN KEY (`pos_pos_id`) REFERENCES `pos` (`pos_id`) ON DELETE SET NULL ON UPDATE SET NULL;

--
-- Ketidakleluasaan untuk tabel `student`
--
ALTER TABLE `student`
  ADD CONSTRAINT `fk_student_class1` FOREIGN KEY (`class_class_id`) REFERENCES `class` (`class_id`) ON DELETE SET NULL ON UPDATE SET NULL,
  ADD CONSTRAINT `fk_student_majors1` FOREIGN KEY (`majors_majors_id`) REFERENCES `majors` (`majors_id`) ON DELETE NO ACTION ON UPDATE NO ACTION;

--
-- Ketidakleluasaan untuk tabel `users`
--
ALTER TABLE `users`
  ADD CONSTRAINT `fk_user_user_role1` FOREIGN KEY (`user_role_role_id`) REFERENCES `user_roles` (`role_id`) ON DELETE SET NULL ON UPDATE SET NULL;
COMMIT;

/*!40101 SET CHARACTER_SET_CLIENT=@OLD_CHARACTER_SET_CLIENT */;
/*!40101 SET CHARACTER_SET_RESULTS=@OLD_CHARACTER_SET_RESULTS */;
/*!40101 SET COLLATION_CONNECTION=@OLD_COLLATION_CONNECTION */;
